id,product_id,created_at,sold_at,cost,product_category,product_name,product_brand,product_retail_price,product_department,product_sku,product_distribution_center_id
29853,16898,12.03.2023 05:29:50,26.04.2023 03:49:50,"13,92499997",Tops & Tees,Quiksilver Waterman Men's On The Rise,,25,Men,22811EE19846217512507785E74D12CC,3
29854,16898,14.04.2023 15:55:00,,"13,92499997",Tops & Tees,Quiksilver Waterman Men's On The Rise,,25,Men,22811EE19846217512507785E74D12CC,3
140712,16898,18.07.2023 02:18:19,18.08.2023 23:46:19,"13,92499997",Tops & Tees,Quiksilver Waterman Men's On The Rise,,25,Men,22811EE19846217512507785E74D12CC,3
140713,16898,27.01.2022 16:40:00,,"13,92499997",Tops & Tees,Quiksilver Waterman Men's On The Rise,,25,Men,22811EE19846217512507785E74D12CC,3
140714,16898,04.05.2020 07:20:00,,"13,92499997",Tops & Tees,Quiksilver Waterman Men's On The Rise,,25,Men,22811EE19846217512507785E74D12CC,3
165085,16898,12.05.2023 02:02:58,26.05.2023 08:31:58,"13,92499997",Tops & Tees,Quiksilver Waterman Men's On The Rise,,25,Men,22811EE19846217512507785E74D12CC,3
165086,16898,11.05.2020 07:09:00,,"13,92499997",Tops & Tees,Quiksilver Waterman Men's On The Rise,,25,Men,22811EE19846217512507785E74D12CC,3
174086,16898,11.10.2023 06:03:28,26.10.2023 16:04:28,"13,92499997",Tops & Tees,Quiksilver Waterman Men's On The Rise,,25,Men,22811EE19846217512507785E74D12CC,3
174087,16898,19.11.2022 18:59:00,,"13,92499997",Tops & Tees,Quiksilver Waterman Men's On The Rise,,25,Men,22811EE19846217512507785E74D12CC,3
174088,16898,27.11.2022 02:56:00,,"13,92499997",Tops & Tees,Quiksilver Waterman Men's On The Rise,,25,Men,22811EE19846217512507785E74D12CC,3
219665,16898,09.07.2019 08:42:35,26.08.2019 11:20:35,"13,92499997",Tops & Tees,Quiksilver Waterman Men's On The Rise,,25,Men,22811EE19846217512507785E74D12CC,3
219666,16898,13.01.2021 09:15:00,,"13,92499997",Tops & Tees,Quiksilver Waterman Men's On The Rise,,25,Men,22811EE19846217512507785E74D12CC,3
264316,16898,27.09.2023 21:39:25,17.10.2023 15:42:25,"13,92499997",Tops & Tees,Quiksilver Waterman Men's On The Rise,,25,Men,22811EE19846217512507785E74D12CC,3
264317,16898,12.09.2022 04:38:00,,"13,92499997",Tops & Tees,Quiksilver Waterman Men's On The Rise,,25,Men,22811EE19846217512507785E74D12CC,3
264318,16898,11.01.2021 12:46:00,,"13,92499997",Tops & Tees,Quiksilver Waterman Men's On The Rise,,25,Men,22811EE19846217512507785E74D12CC,3
286501,16898,14.07.2023 08:38:10,20.08.2023 01:06:10,"13,92499997",Tops & Tees,Quiksilver Waterman Men's On The Rise,,25,Men,22811EE19846217512507785E74D12CC,3
286502,16898,02.05.2023 18:46:00,,"13,92499997",Tops & Tees,Quiksilver Waterman Men's On The Rise,,25,Men,22811EE19846217512507785E74D12CC,3
358815,16898,14.06.2020 11:39:33,09.08.2020 00:49:33,"13,92499997",Tops & Tees,Quiksilver Waterman Men's On The Rise,,25,Men,22811EE19846217512507785E74D12CC,3
358816,16898,24.11.2020 07:02:00,,"13,92499997",Tops & Tees,Quiksilver Waterman Men's On The Rise,,25,Men,22811EE19846217512507785E74D12CC,3
358817,16898,04.09.2020 01:58:00,,"13,92499997",Tops & Tees,Quiksilver Waterman Men's On The Rise,,25,Men,22811EE19846217512507785E74D12CC,3
389985,16898,09.02.2023 08:42:41,11.03.2023 09:49:41,"13,92499997",Tops & Tees,Quiksilver Waterman Men's On The Rise,,25,Men,22811EE19846217512507785E74D12CC,3
389986,16898,08.02.2021 04:29:00,,"13,92499997",Tops & Tees,Quiksilver Waterman Men's On The Rise,,25,Men,22811EE19846217512507785E74D12CC,3
389987,16898,20.11.2021 11:45:00,,"13,92499997",Tops & Tees,Quiksilver Waterman Men's On The Rise,,25,Men,22811EE19846217512507785E74D12CC,3
435524,16898,08.09.2023 04:24:58,10.10.2023 10:35:58,"13,92499997",Tops & Tees,Quiksilver Waterman Men's On The Rise,,25,Men,22811EE19846217512507785E74D12CC,3
435525,16898,30.03.2023 02:08:00,,"13,92499997",Tops & Tees,Quiksilver Waterman Men's On The Rise,,25,Men,22811EE19846217512507785E74D12CC,3
49468,9482,22.08.2023 20:12:32,09.10.2023 01:20:32,"5,711999953",Socks & Hosiery,KEEN Women Bellingham Low Ultralite Sock,,16,Women,C5A3C867A3DFB776552DCFC804D4937E,3
49469,9482,09.06.2022 00:50:00,,"5,711999953",Socks & Hosiery,KEEN Women Bellingham Low Ultralite Sock,,16,Women,C5A3C867A3DFB776552DCFC804D4937E,3
115857,9482,06.04.2021 19:23:46,11.04.2021 15:41:46,"5,711999953",Socks & Hosiery,KEEN Women Bellingham Low Ultralite Sock,,16,Women,C5A3C867A3DFB776552DCFC804D4937E,3
115858,9482,27.04.2022 09:17:00,,"5,711999953",Socks & Hosiery,KEEN Women Bellingham Low Ultralite Sock,,16,Women,C5A3C867A3DFB776552DCFC804D4937E,3
197165,9482,13.12.2021 21:06:55,20.12.2021 14:05:55,"5,711999953",Socks & Hosiery,KEEN Women Bellingham Low Ultralite Sock,,16,Women,C5A3C867A3DFB776552DCFC804D4937E,3
197166,9482,15.07.2023 00:56:00,,"5,711999953",Socks & Hosiery,KEEN Women Bellingham Low Ultralite Sock,,16,Women,C5A3C867A3DFB776552DCFC804D4937E,3
209650,9482,11.06.2023 16:48:20,04.08.2023 02:08:20,"5,711999953",Socks & Hosiery,KEEN Women Bellingham Low Ultralite Sock,,16,Women,C5A3C867A3DFB776552DCFC804D4937E,3
209651,9482,02.03.2023 03:32:00,,"5,711999953",Socks & Hosiery,KEEN Women Bellingham Low Ultralite Sock,,16,Women,C5A3C867A3DFB776552DCFC804D4937E,3
22271,13863,31.08.2022 01:08:33,11.09.2022 08:11:33,"9,554499963",Accessories,Husky Animal Hat with Mittens,,"24,25",Women,7992308D89FF6B43BC197C8EF9BD934B,3
22272,13863,27.07.2021 00:33:00,,"9,554499963",Accessories,Husky Animal Hat with Mittens,,"24,25",Women,7992308D89FF6B43BC197C8EF9BD934B,3
22273,13863,28.06.2020 13:15:00,,"9,554499963",Accessories,Husky Animal Hat with Mittens,,"24,25",Women,7992308D89FF6B43BC197C8EF9BD934B,3
82254,13863,09.10.2023 05:10:24,22.10.2023 05:57:24,"9,554499963",Accessories,Husky Animal Hat with Mittens,,"24,25",Women,7992308D89FF6B43BC197C8EF9BD934B,3
82255,13863,07.01.2022 16:23:00,,"9,554499963",Accessories,Husky Animal Hat with Mittens,,"24,25",Women,7992308D89FF6B43BC197C8EF9BD934B,3
180280,13863,21.11.2022 13:35:15,07.12.2022 13:16:15,"9,554499963",Accessories,Husky Animal Hat with Mittens,,"24,25",Women,7992308D89FF6B43BC197C8EF9BD934B,3
180281,13863,01.12.2020 08:25:00,,"9,554499963",Accessories,Husky Animal Hat with Mittens,,"24,25",Women,7992308D89FF6B43BC197C8EF9BD934B,3
180282,13863,16.01.2020 01:09:00,,"9,554499963",Accessories,Husky Animal Hat with Mittens,,"24,25",Women,7992308D89FF6B43BC197C8EF9BD934B,3
180283,13863,12.05.2021 03:12:00,,"9,554499963",Accessories,Husky Animal Hat with Mittens,,"24,25",Women,7992308D89FF6B43BC197C8EF9BD934B,3
385695,13863,30.11.2021 20:22:51,19.12.2021 03:11:51,"9,554499963",Accessories,Husky Animal Hat with Mittens,,"24,25",Women,7992308D89FF6B43BC197C8EF9BD934B,3
385696,13863,07.07.2021 06:25:00,,"9,554499963",Accessories,Husky Animal Hat with Mittens,,"24,25",Women,7992308D89FF6B43BC197C8EF9BD934B,3
385697,13863,12.10.2020 12:05:00,,"9,554499963",Accessories,Husky Animal Hat with Mittens,,"24,25",Women,7992308D89FF6B43BC197C8EF9BD934B,3
6833,25135,13.05.2023 21:17:41,20.06.2023 13:13:41,"12,47639974",Socks,Volcom Men's Argyle Socks,,"22,47999954",Men,0DC76D68D436BB030EFBE3A8386EE47A,3
6834,25135,05.12.2022 08:56:00,,"12,47639974",Socks,Volcom Men's Argyle Socks,,"22,47999954",Men,0DC76D68D436BB030EFBE3A8386EE47A,3
6835,25135,08.02.2021 15:32:00,,"12,47639974",Socks,Volcom Men's Argyle Socks,,"22,47999954",Men,0DC76D68D436BB030EFBE3A8386EE47A,3
25894,25135,30.11.2022 18:07:27,22.12.2022 18:34:27,"12,47639974",Socks,Volcom Men's Argyle Socks,,"22,47999954",Men,0DC76D68D436BB030EFBE3A8386EE47A,3
25895,25135,02.12.2022 07:30:00,,"12,47639974",Socks,Volcom Men's Argyle Socks,,"22,47999954",Men,0DC76D68D436BB030EFBE3A8386EE47A,3
72385,25135,31.12.2022 03:39:40,06.02.2023 01:50:40,"12,47639974",Socks,Volcom Men's Argyle Socks,,"22,47999954",Men,0DC76D68D436BB030EFBE3A8386EE47A,3
72386,25135,08.12.2021 17:18:00,,"12,47639974",Socks,Volcom Men's Argyle Socks,,"22,47999954",Men,0DC76D68D436BB030EFBE3A8386EE47A,3
72387,25135,29.10.2021 07:59:00,,"12,47639974",Socks,Volcom Men's Argyle Socks,,"22,47999954",Men,0DC76D68D436BB030EFBE3A8386EE47A,3
72388,25135,15.02.2020 03:10:00,,"12,47639974",Socks,Volcom Men's Argyle Socks,,"22,47999954",Men,0DC76D68D436BB030EFBE3A8386EE47A,3
94732,25135,27.08.2023 14:26:56,24.10.2023 04:06:56,"12,47639974",Socks,Volcom Men's Argyle Socks,,"22,47999954",Men,0DC76D68D436BB030EFBE3A8386EE47A,3
94733,25135,02.02.2023 10:05:00,,"12,47639974",Socks,Volcom Men's Argyle Socks,,"22,47999954",Men,0DC76D68D436BB030EFBE3A8386EE47A,3
94734,25135,17.07.2022 04:45:00,,"12,47639974",Socks,Volcom Men's Argyle Socks,,"22,47999954",Men,0DC76D68D436BB030EFBE3A8386EE47A,3
374917,25135,23.06.2022 14:00:50,03.07.2022 21:31:50,"12,47639974",Socks,Volcom Men's Argyle Socks,,"22,47999954",Men,0DC76D68D436BB030EFBE3A8386EE47A,3
374918,25135,07.05.2023 15:28:00,,"12,47639974",Socks,Volcom Men's Argyle Socks,,"22,47999954",Men,0DC76D68D436BB030EFBE3A8386EE47A,3
374919,25135,01.02.2021 03:47:00,,"12,47639974",Socks,Volcom Men's Argyle Socks,,"22,47999954",Men,0DC76D68D436BB030EFBE3A8386EE47A,3
387394,25135,31.08.2023 03:20:37,17.10.2023 08:55:37,"12,47639974",Socks,Volcom Men's Argyle Socks,,"22,47999954",Men,0DC76D68D436BB030EFBE3A8386EE47A,3
387395,25135,30.10.2022 09:10:00,,"12,47639974",Socks,Volcom Men's Argyle Socks,,"22,47999954",Men,0DC76D68D436BB030EFBE3A8386EE47A,3
387396,25135,07.09.2021 02:28:00,,"12,47639974",Socks,Volcom Men's Argyle Socks,,"22,47999954",Men,0DC76D68D436BB030EFBE3A8386EE47A,3
427485,25135,26.07.2023 16:26:34,27.07.2023 15:14:34,"12,47639974",Socks,Volcom Men's Argyle Socks,,"22,47999954",Men,0DC76D68D436BB030EFBE3A8386EE47A,3
427486,25135,08.02.2022 18:49:00,,"12,47639974",Socks,Volcom Men's Argyle Socks,,"22,47999954",Men,0DC76D68D436BB030EFBE3A8386EE47A,3
427487,25135,17.12.2022 15:21:00,,"12,47639974",Socks,Volcom Men's Argyle Socks,,"22,47999954",Men,0DC76D68D436BB030EFBE3A8386EE47A,3
461727,25135,17.02.2022 02:09:13,31.03.2022 15:06:13,"12,47639974",Socks,Volcom Men's Argyle Socks,,"22,47999954",Men,0DC76D68D436BB030EFBE3A8386EE47A,3
461728,25135,23.07.2021 00:37:00,,"12,47639974",Socks,Volcom Men's Argyle Socks,,"22,47999954",Men,0DC76D68D436BB030EFBE3A8386EE47A,3
461729,25135,25.12.2022 06:08:00,,"12,47639974",Socks,Volcom Men's Argyle Socks,,"22,47999954",Men,0DC76D68D436BB030EFBE3A8386EE47A,3
461730,25135,01.02.2022 08:22:00,,"12,47639974",Socks,Volcom Men's Argyle Socks,,"22,47999954",Men,0DC76D68D436BB030EFBE3A8386EE47A,3
50477,11843,26.09.2020 17:32:54,02.10.2020 10:57:54,"33,89999997",Intimates,Wendy Glez Rose Cami Black,,60,Women,B451DA363BB08B9A81CEADBADB5133EF,3
50478,11843,01.04.2021 09:58:00,,"33,89999997",Intimates,Wendy Glez Rose Cami Black,,60,Women,B451DA363BB08B9A81CEADBADB5133EF,3
50479,11843,23.05.2023 13:26:00,,"33,89999997",Intimates,Wendy Glez Rose Cami Black,,60,Women,B451DA363BB08B9A81CEADBADB5133EF,3
56908,11843,12.07.2023 17:43:52,21.07.2023 03:44:52,"33,89999997",Intimates,Wendy Glez Rose Cami Black,,60,Women,B451DA363BB08B9A81CEADBADB5133EF,3
56909,11843,20.08.2021 13:55:00,,"33,89999997",Intimates,Wendy Glez Rose Cami Black,,60,Women,B451DA363BB08B9A81CEADBADB5133EF,3
56910,11843,20.11.2021 14:47:00,,"33,89999997",Intimates,Wendy Glez Rose Cami Black,,60,Women,B451DA363BB08B9A81CEADBADB5133EF,3
70498,11843,27.11.2022 12:57:20,17.01.2023 02:49:20,"33,89999997",Intimates,Wendy Glez Rose Cami Black,,60,Women,B451DA363BB08B9A81CEADBADB5133EF,3
70499,11843,03.07.2021 18:38:00,,"33,89999997",Intimates,Wendy Glez Rose Cami Black,,60,Women,B451DA363BB08B9A81CEADBADB5133EF,3
70500,11843,11.04.2023 01:41:00,,"33,89999997",Intimates,Wendy Glez Rose Cami Black,,60,Women,B451DA363BB08B9A81CEADBADB5133EF,3
70501,11843,12.01.2020 09:43:00,,"33,89999997",Intimates,Wendy Glez Rose Cami Black,,60,Women,B451DA363BB08B9A81CEADBADB5133EF,3
354944,11843,16.08.2023 11:49:45,28.09.2023 05:58:45,"33,89999997",Intimates,Wendy Glez Rose Cami Black,,60,Women,B451DA363BB08B9A81CEADBADB5133EF,3
354945,11843,08.05.2021 16:50:00,,"33,89999997",Intimates,Wendy Glez Rose Cami Black,,60,Women,B451DA363BB08B9A81CEADBADB5133EF,3
437430,11843,01.12.2021 02:03:15,23.12.2021 08:21:15,"33,89999997",Intimates,Wendy Glez Rose Cami Black,,60,Women,B451DA363BB08B9A81CEADBADB5133EF,3
437431,11843,28.04.2021 15:25:00,,"33,89999997",Intimates,Wendy Glez Rose Cami Black,,60,Women,B451DA363BB08B9A81CEADBADB5133EF,3
441284,11843,28.05.2023 16:32:44,16.06.2023 14:27:44,"33,89999997",Intimates,Wendy Glez Rose Cami Black,,60,Women,B451DA363BB08B9A81CEADBADB5133EF,3
441285,11843,04.02.2023 04:12:00,,"33,89999997",Intimates,Wendy Glez Rose Cami Black,,60,Women,B451DA363BB08B9A81CEADBADB5133EF,3
476797,11843,12.09.2020 05:19:02,08.10.2020 11:18:02,"33,89999997",Intimates,Wendy Glez Rose Cami Black,,60,Women,B451DA363BB08B9A81CEADBADB5133EF,3
476798,11843,05.08.2021 05:43:00,,"33,89999997",Intimates,Wendy Glez Rose Cami Black,,60,Women,B451DA363BB08B9A81CEADBADB5133EF,3
488387,11843,10.05.2023 22:25:31,22.06.2023 23:48:31,"33,89999997",Intimates,Wendy Glez Rose Cami Black,,60,Women,B451DA363BB08B9A81CEADBADB5133EF,3
488388,11843,05.08.2020 14:19:00,,"33,89999997",Intimates,Wendy Glez Rose Cami Black,,60,Women,B451DA363BB08B9A81CEADBADB5133EF,3
189946,1629,01.12.2022 16:25:26,13.12.2022 07:53:26,"23,57235049",Fashion Hoodies & Sweatshirts,Carhartt Women's Hooded Knit Jacket,,"45,95000076",Women,5C50B4DF4B176845CD235B6A510C6903,3
189947,1629,18.12.2021 11:10:00,,"23,57235049",Fashion Hoodies & Sweatshirts,Carhartt Women's Hooded Knit Jacket,,"45,95000076",Women,5C50B4DF4B176845CD235B6A510C6903,3
244715,1629,13.11.2021 22:11:10,19.12.2021 15:57:10,"23,57235049",Fashion Hoodies & Sweatshirts,Carhartt Women's Hooded Knit Jacket,,"45,95000076",Women,5C50B4DF4B176845CD235B6A510C6903,3
244716,1629,17.06.2023 00:33:00,,"23,57235049",Fashion Hoodies & Sweatshirts,Carhartt Women's Hooded Knit Jacket,,"45,95000076",Women,5C50B4DF4B176845CD235B6A510C6903,3
244717,1629,28.02.2021 05:39:00,,"23,57235049",Fashion Hoodies & Sweatshirts,Carhartt Women's Hooded Knit Jacket,,"45,95000076",Women,5C50B4DF4B176845CD235B6A510C6903,3
330382,1629,16.07.2023 05:12:03,04.09.2023 01:33:03,"23,57235049",Fashion Hoodies & Sweatshirts,Carhartt Women's Hooded Knit Jacket,,"45,95000076",Women,5C50B4DF4B176845CD235B6A510C6903,3
330383,1629,19.03.2022 10:40:00,,"23,57235049",Fashion Hoodies & Sweatshirts,Carhartt Women's Hooded Knit Jacket,,"45,95000076",Women,5C50B4DF4B176845CD235B6A510C6903,3
330384,1629,19.04.2023 18:47:00,,"23,57235049",Fashion Hoodies & Sweatshirts,Carhartt Women's Hooded Knit Jacket,,"45,95000076",Women,5C50B4DF4B176845CD235B6A510C6903,3
330385,1629,08.08.2020 03:21:00,,"23,57235049",Fashion Hoodies & Sweatshirts,Carhartt Women's Hooded Knit Jacket,,"45,95000076",Women,5C50B4DF4B176845CD235B6A510C6903,3
332654,1629,11.12.2022 23:18:25,26.12.2022 12:35:25,"23,57235049",Fashion Hoodies & Sweatshirts,Carhartt Women's Hooded Knit Jacket,,"45,95000076",Women,5C50B4DF4B176845CD235B6A510C6903,3
332655,1629,02.10.2023 18:59:00,,"23,57235049",Fashion Hoodies & Sweatshirts,Carhartt Women's Hooded Knit Jacket,,"45,95000076",Women,5C50B4DF4B176845CD235B6A510C6903,3
332656,1629,31.08.2023 11:29:00,,"23,57235049",Fashion Hoodies & Sweatshirts,Carhartt Women's Hooded Knit Jacket,,"45,95000076",Women,5C50B4DF4B176845CD235B6A510C6903,3
364498,1629,20.10.2023 13:51:07,22.10.2023 03:07:07,"23,57235049",Fashion Hoodies & Sweatshirts,Carhartt Women's Hooded Knit Jacket,,"45,95000076",Women,5C50B4DF4B176845CD235B6A510C6903,3
364499,1629,25.07.2022 08:52:00,,"23,57235049",Fashion Hoodies & Sweatshirts,Carhartt Women's Hooded Knit Jacket,,"45,95000076",Women,5C50B4DF4B176845CD235B6A510C6903,3
364500,1629,09.07.2020 04:33:00,,"23,57235049",Fashion Hoodies & Sweatshirts,Carhartt Women's Hooded Knit Jacket,,"45,95000076",Women,5C50B4DF4B176845CD235B6A510C6903,3
401230,1629,14.05.2023 00:58:46,08.07.2023 00:00:46,"23,57235049",Fashion Hoodies & Sweatshirts,Carhartt Women's Hooded Knit Jacket,,"45,95000076",Women,5C50B4DF4B176845CD235B6A510C6903,3
401231,1629,08.08.2020 05:34:00,,"23,57235049",Fashion Hoodies & Sweatshirts,Carhartt Women's Hooded Knit Jacket,,"45,95000076",Women,5C50B4DF4B176845CD235B6A510C6903,3
470155,1629,15.06.2023 19:07:52,09.08.2023 01:14:52,"23,57235049",Fashion Hoodies & Sweatshirts,Carhartt Women's Hooded Knit Jacket,,"45,95000076",Women,5C50B4DF4B176845CD235B6A510C6903,3
470156,1629,01.12.2021 15:51:00,,"23,57235049",Fashion Hoodies & Sweatshirts,Carhartt Women's Hooded Knit Jacket,,"45,95000076",Women,5C50B4DF4B176845CD235B6A510C6903,3
150252,13921,14.05.2022 09:59:37,19.06.2022 12:44:37,"1,64190001",Accessories,NEW Aluminum Credit Card Wallet - RFID Blocking Case - Pink (New Products),,"4,210000038",Women,0CBFF6DD75DF1F43E3ABAE409ED8A9FD,3
150253,13921,05.04.2023 03:46:00,,"1,64190001",Accessories,NEW Aluminum Credit Card Wallet - RFID Blocking Case - Pink (New Products),,"4,210000038",Women,0CBFF6DD75DF1F43E3ABAE409ED8A9FD,3
251090,13921,14.05.2021 10:28:36,16.06.2021 14:14:36,"1,64190001",Accessories,NEW Aluminum Credit Card Wallet - RFID Blocking Case - Pink (New Products),,"4,210000038",Women,0CBFF6DD75DF1F43E3ABAE409ED8A9FD,3
251091,13921,14.11.2020 15:54:00,,"1,64190001",Accessories,NEW Aluminum Credit Card Wallet - RFID Blocking Case - Pink (New Products),,"4,210000038",Women,0CBFF6DD75DF1F43E3ABAE409ED8A9FD,3
320772,13921,22.06.2022 13:28:19,16.08.2022 21:56:19,"1,64190001",Accessories,NEW Aluminum Credit Card Wallet - RFID Blocking Case - Pink (New Products),,"4,210000038",Women,0CBFF6DD75DF1F43E3ABAE409ED8A9FD,3
320773,13921,27.01.2020 02:58:00,,"1,64190001",Accessories,NEW Aluminum Credit Card Wallet - RFID Blocking Case - Pink (New Products),,"4,210000038",Women,0CBFF6DD75DF1F43E3ABAE409ED8A9FD,3
320774,13921,24.10.2022 10:32:00,,"1,64190001",Accessories,NEW Aluminum Credit Card Wallet - RFID Blocking Case - Pink (New Products),,"4,210000038",Women,0CBFF6DD75DF1F43E3ABAE409ED8A9FD,3
342475,13921,12.11.2022 09:34:16,30.11.2022 12:30:16,"1,64190001",Accessories,NEW Aluminum Credit Card Wallet - RFID Blocking Case - Pink (New Products),,"4,210000038",Women,0CBFF6DD75DF1F43E3ABAE409ED8A9FD,3
342476,13921,25.01.2021 15:34:00,,"1,64190001",Accessories,NEW Aluminum Credit Card Wallet - RFID Blocking Case - Pink (New Products),,"4,210000038",Women,0CBFF6DD75DF1F43E3ABAE409ED8A9FD,3
342477,13921,08.02.2022 12:36:00,,"1,64190001",Accessories,NEW Aluminum Credit Card Wallet - RFID Blocking Case - Pink (New Products),,"4,210000038",Women,0CBFF6DD75DF1F43E3ABAE409ED8A9FD,3
461588,13921,06.07.2023 10:03:42,12.08.2023 04:49:42,"1,64190001",Accessories,NEW Aluminum Credit Card Wallet - RFID Blocking Case - Pink (New Products),,"4,210000038",Women,0CBFF6DD75DF1F43E3ABAE409ED8A9FD,3
461589,13921,29.01.2023 14:39:00,,"1,64190001",Accessories,NEW Aluminum Credit Card Wallet - RFID Blocking Case - Pink (New Products),,"4,210000038",Women,0CBFF6DD75DF1F43E3ABAE409ED8A9FD,3
461590,13921,26.09.2022 12:01:00,,"1,64190001",Accessories,NEW Aluminum Credit Card Wallet - RFID Blocking Case - Pink (New Products),,"4,210000038",Women,0CBFF6DD75DF1F43E3ABAE409ED8A9FD,3
462370,13921,08.08.2023 18:30:37,10.09.2023 14:30:37,"1,64190001",Accessories,NEW Aluminum Credit Card Wallet - RFID Blocking Case - Pink (New Products),,"4,210000038",Women,0CBFF6DD75DF1F43E3ABAE409ED8A9FD,3
462371,13921,13.10.2022 11:15:00,,"1,64190001",Accessories,NEW Aluminum Credit Card Wallet - RFID Blocking Case - Pink (New Products),,"4,210000038",Women,0CBFF6DD75DF1F43E3ABAE409ED8A9FD,3
30606,25187,16.07.2023 03:04:15,05.09.2023 20:40:15,"14,42500004",Socks,SockGuy Men's Kokopelli Socks,,25,Men,43A4D135B5225238F2ADBF88DC810A6B,3
30607,25187,07.08.2022 10:00:00,,"14,42500004",Socks,SockGuy Men's Kokopelli Socks,,25,Men,43A4D135B5225238F2ADBF88DC810A6B,3
143351,25187,04.08.2022 18:55:05,21.08.2022 06:46:05,"14,42500004",Socks,SockGuy Men's Kokopelli Socks,,25,Men,43A4D135B5225238F2ADBF88DC810A6B,3
143352,25187,11.08.2020 01:45:00,,"14,42500004",Socks,SockGuy Men's Kokopelli Socks,,25,Men,43A4D135B5225238F2ADBF88DC810A6B,3
143353,25187,23.12.2022 08:39:00,,"14,42500004",Socks,SockGuy Men's Kokopelli Socks,,25,Men,43A4D135B5225238F2ADBF88DC810A6B,3
408694,25187,14.01.2023 11:56:25,27.02.2023 16:32:25,"14,42500004",Socks,SockGuy Men's Kokopelli Socks,,25,Men,43A4D135B5225238F2ADBF88DC810A6B,3
408695,25187,12.04.2022 10:59:00,,"14,42500004",Socks,SockGuy Men's Kokopelli Socks,,25,Men,43A4D135B5225238F2ADBF88DC810A6B,3
8018,10598,10.10.2023 01:17:14,13.10.2023 17:18:14,"9,616399957",Intimates,JMS Comfort Lace with Hidden Shaper,,"16,57999992",Women,E6FA05C07B144B6FF4D1FD1CD2BBB244,3
8019,10598,14.02.2021 08:11:00,,"9,616399957",Intimates,JMS Comfort Lace with Hidden Shaper,,"16,57999992",Women,E6FA05C07B144B6FF4D1FD1CD2BBB244,3
8020,10598,30.09.2020 04:42:00,,"9,616399957",Intimates,JMS Comfort Lace with Hidden Shaper,,"16,57999992",Women,E6FA05C07B144B6FF4D1FD1CD2BBB244,3
216046,10598,04.08.2022 23:06:13,22.09.2022 12:53:13,"9,616399957",Intimates,JMS Comfort Lace with Hidden Shaper,,"16,57999992",Women,E6FA05C07B144B6FF4D1FD1CD2BBB244,3
216047,10598,01.10.2020 13:56:00,,"9,616399957",Intimates,JMS Comfort Lace with Hidden Shaper,,"16,57999992",Women,E6FA05C07B144B6FF4D1FD1CD2BBB244,3
216048,10598,05.01.2021 15:22:00,,"9,616399957",Intimates,JMS Comfort Lace with Hidden Shaper,,"16,57999992",Women,E6FA05C07B144B6FF4D1FD1CD2BBB244,3
481791,10598,07.07.2022 00:40:55,18.08.2022 15:07:55,"9,616399957",Intimates,JMS Comfort Lace with Hidden Shaper,,"16,57999992",Women,E6FA05C07B144B6FF4D1FD1CD2BBB244,3
481792,10598,07.09.2020 01:06:00,,"9,616399957",Intimates,JMS Comfort Lace with Hidden Shaper,,"16,57999992",Women,E6FA05C07B144B6FF4D1FD1CD2BBB244,3
481793,10598,29.08.2021 18:06:00,,"9,616399957",Intimates,JMS Comfort Lace with Hidden Shaper,,"16,57999992",Women,E6FA05C07B144B6FF4D1FD1CD2BBB244,3
134740,15723,20.06.2022 12:45:35,26.07.2022 01:36:35,"4,875119887",Plus,Vintage Wayfarer Nerd Retro 80s Mirrored Sunglasses W132,,"9,989999771",Women,67F19FD0431CAC0AC7F8EA986BBF8B9B,3
134741,15723,05.02.2020 06:14:00,,"4,875119887",Plus,Vintage Wayfarer Nerd Retro 80s Mirrored Sunglasses W132,,"9,989999771",Women,67F19FD0431CAC0AC7F8EA986BBF8B9B,3
150801,15723,22.07.2020 23:31:58,16.09.2020 22:34:58,"4,875119887",Plus,Vintage Wayfarer Nerd Retro 80s Mirrored Sunglasses W132,,"9,989999771",Women,67F19FD0431CAC0AC7F8EA986BBF8B9B,3
150802,15723,17.01.2022 02:47:00,,"4,875119887",Plus,Vintage Wayfarer Nerd Retro 80s Mirrored Sunglasses W132,,"9,989999771",Women,67F19FD0431CAC0AC7F8EA986BBF8B9B,3
252978,15723,31.01.2021 15:04:57,04.03.2021 23:29:57,"4,875119887",Plus,Vintage Wayfarer Nerd Retro 80s Mirrored Sunglasses W132,,"9,989999771",Women,67F19FD0431CAC0AC7F8EA986BBF8B9B,3
252979,15723,23.05.2023 12:15:00,,"4,875119887",Plus,Vintage Wayfarer Nerd Retro 80s Mirrored Sunglasses W132,,"9,989999771",Women,67F19FD0431CAC0AC7F8EA986BBF8B9B,3
259017,15723,28.08.2022 10:20:59,14.10.2022 14:37:59,"4,875119887",Plus,Vintage Wayfarer Nerd Retro 80s Mirrored Sunglasses W132,,"9,989999771",Women,67F19FD0431CAC0AC7F8EA986BBF8B9B,3
259018,15723,19.06.2022 14:39:00,,"4,875119887",Plus,Vintage Wayfarer Nerd Retro 80s Mirrored Sunglasses W132,,"9,989999771",Women,67F19FD0431CAC0AC7F8EA986BBF8B9B,3
259019,15723,24.12.2021 07:46:00,,"4,875119887",Plus,Vintage Wayfarer Nerd Retro 80s Mirrored Sunglasses W132,,"9,989999771",Women,67F19FD0431CAC0AC7F8EA986BBF8B9B,3
384647,15723,23.01.2023 21:55:07,21.03.2023 15:30:07,"4,875119887",Plus,Vintage Wayfarer Nerd Retro 80s Mirrored Sunglasses W132,,"9,989999771",Women,67F19FD0431CAC0AC7F8EA986BBF8B9B,3
384648,15723,05.03.2021 01:17:00,,"4,875119887",Plus,Vintage Wayfarer Nerd Retro 80s Mirrored Sunglasses W132,,"9,989999771",Women,67F19FD0431CAC0AC7F8EA986BBF8B9B,3
417179,15723,28.12.2020 04:51:47,14.02.2021 00:15:47,"4,875119887",Plus,Vintage Wayfarer Nerd Retro 80s Mirrored Sunglasses W132,,"9,989999771",Women,67F19FD0431CAC0AC7F8EA986BBF8B9B,3
417180,15723,30.09.2023 14:09:00,,"4,875119887",Plus,Vintage Wayfarer Nerd Retro 80s Mirrored Sunglasses W132,,"9,989999771",Women,67F19FD0431CAC0AC7F8EA986BBF8B9B,3
417181,15723,27.10.2021 15:07:00,,"4,875119887",Plus,Vintage Wayfarer Nerd Retro 80s Mirrored Sunglasses W132,,"9,989999771",Women,67F19FD0431CAC0AC7F8EA986BBF8B9B,3
417182,15723,30.04.2020 00:52:00,,"4,875119887",Plus,Vintage Wayfarer Nerd Retro 80s Mirrored Sunglasses W132,,"9,989999771",Women,67F19FD0431CAC0AC7F8EA986BBF8B9B,3
449269,15723,04.04.2022 02:25:27,16.04.2022 23:57:27,"4,875119887",Plus,Vintage Wayfarer Nerd Retro 80s Mirrored Sunglasses W132,,"9,989999771",Women,67F19FD0431CAC0AC7F8EA986BBF8B9B,3
449270,15723,14.11.2021 01:19:00,,"4,875119887",Plus,Vintage Wayfarer Nerd Retro 80s Mirrored Sunglasses W132,,"9,989999771",Women,67F19FD0431CAC0AC7F8EA986BBF8B9B,3
449271,15723,03.11.2021 16:44:00,,"4,875119887",Plus,Vintage Wayfarer Nerd Retro 80s Mirrored Sunglasses W132,,"9,989999771",Women,67F19FD0431CAC0AC7F8EA986BBF8B9B,3
489737,15723,06.05.2023 04:13:35,13.05.2023 10:39:35,"4,875119887",Plus,Vintage Wayfarer Nerd Retro 80s Mirrored Sunglasses W132,,"9,989999771",Women,67F19FD0431CAC0AC7F8EA986BBF8B9B,3
489738,15723,04.05.2023 16:15:00,,"4,875119887",Plus,Vintage Wayfarer Nerd Retro 80s Mirrored Sunglasses W132,,"9,989999771",Women,67F19FD0431CAC0AC7F8EA986BBF8B9B,3
489739,15723,12.06.2021 12:25:00,,"4,875119887",Plus,Vintage Wayfarer Nerd Retro 80s Mirrored Sunglasses W132,,"9,989999771",Women,67F19FD0431CAC0AC7F8EA986BBF8B9B,3
97608,11389,08.09.2019 03:37:54,01.11.2019 15:46:54,"12,51199999",Intimates,Shadowline 36 Flare Half Slip (47116),,23,Women,47C6D232C6A4468118A74A72097B1876,3
97609,11389,03.06.2023 16:57:00,,"12,51199999",Intimates,Shadowline 36 Flare Half Slip (47116),,23,Women,47C6D232C6A4468118A74A72097B1876,3
305956,11389,15.12.2022 23:47:42,03.01.2023 13:26:42,"12,51199999",Intimates,Shadowline 36 Flare Half Slip (47116),,23,Women,47C6D232C6A4468118A74A72097B1876,3
305957,11389,14.03.2023 02:21:00,,"12,51199999",Intimates,Shadowline 36 Flare Half Slip (47116),,23,Women,47C6D232C6A4468118A74A72097B1876,3
343639,11389,23.11.2021 23:43:17,05.12.2021 09:42:17,"12,51199999",Intimates,Shadowline 36 Flare Half Slip (47116),,23,Women,47C6D232C6A4468118A74A72097B1876,3
343640,11389,11.09.2020 15:11:00,,"12,51199999",Intimates,Shadowline 36 Flare Half Slip (47116),,23,Women,47C6D232C6A4468118A74A72097B1876,3
404794,11389,06.06.2023 22:40:43,16.06.2023 04:16:43,"12,51199999",Intimates,Shadowline 36 Flare Half Slip (47116),,23,Women,47C6D232C6A4468118A74A72097B1876,3
404795,11389,11.03.2020 13:16:00,,"12,51199999",Intimates,Shadowline 36 Flare Half Slip (47116),,23,Women,47C6D232C6A4468118A74A72097B1876,3
426608,11389,16.09.2023 08:57:47,24.10.2023 06:56:47,"12,51199999",Intimates,Shadowline 36 Flare Half Slip (47116),,23,Women,47C6D232C6A4468118A74A72097B1876,3
426609,11389,03.01.2020 09:03:00,,"12,51199999",Intimates,Shadowline 36 Flare Half Slip (47116),,23,Women,47C6D232C6A4468118A74A72097B1876,3
50008,15757,23.02.2022 20:54:37,06.03.2022 03:45:37,"2,235510018",Plus,NEW Aluminum Credit Card Wallet - RFID Blocking Case - Pink (New Products),,"4,210000038",Women,054826216783428249A279BA5B984315,3
50009,15757,16.10.2021 04:29:00,,"2,235510018",Plus,NEW Aluminum Credit Card Wallet - RFID Blocking Case - Pink (New Products),,"4,210000038",Women,054826216783428249A279BA5B984315,3
50010,15757,24.01.2021 02:21:00,,"2,235510018",Plus,NEW Aluminum Credit Card Wallet - RFID Blocking Case - Pink (New Products),,"4,210000038",Women,054826216783428249A279BA5B984315,3
50011,15757,15.09.2020 13:34:00,,"2,235510018",Plus,NEW Aluminum Credit Card Wallet - RFID Blocking Case - Pink (New Products),,"4,210000038",Women,054826216783428249A279BA5B984315,3
143251,15757,09.01.2022 09:09:23,18.02.2022 10:27:23,"2,235510018",Plus,NEW Aluminum Credit Card Wallet - RFID Blocking Case - Pink (New Products),,"4,210000038",Women,054826216783428249A279BA5B984315,3
143252,15757,26.01.2023 08:23:00,,"2,235510018",Plus,NEW Aluminum Credit Card Wallet - RFID Blocking Case - Pink (New Products),,"4,210000038",Women,054826216783428249A279BA5B984315,3
397178,15757,06.06.2023 17:12:08,19.06.2023 12:29:08,"2,235510018",Plus,NEW Aluminum Credit Card Wallet - RFID Blocking Case - Pink (New Products),,"4,210000038",Women,054826216783428249A279BA5B984315,3
397179,15757,12.06.2022 05:49:00,,"2,235510018",Plus,NEW Aluminum Credit Card Wallet - RFID Blocking Case - Pink (New Products),,"4,210000038",Women,054826216783428249A279BA5B984315,3
397180,15757,10.08.2022 06:15:00,,"2,235510018",Plus,NEW Aluminum Credit Card Wallet - RFID Blocking Case - Pink (New Products),,"4,210000038",Women,054826216783428249A279BA5B984315,3
397181,15757,08.11.2020 16:37:00,,"2,235510018",Plus,NEW Aluminum Credit Card Wallet - RFID Blocking Case - Pink (New Products),,"4,210000038",Women,054826216783428249A279BA5B984315,3
410247,15757,05.02.2023 09:28:04,23.02.2023 15:46:04,"2,235510018",Plus,NEW Aluminum Credit Card Wallet - RFID Blocking Case - Pink (New Products),,"4,210000038",Women,054826216783428249A279BA5B984315,3
410248,15757,08.07.2020 16:13:00,,"2,235510018",Plus,NEW Aluminum Credit Card Wallet - RFID Blocking Case - Pink (New Products),,"4,210000038",Women,054826216783428249A279BA5B984315,3
410249,15757,19.10.2021 08:38:00,,"2,235510018",Plus,NEW Aluminum Credit Card Wallet - RFID Blocking Case - Pink (New Products),,"4,210000038",Women,054826216783428249A279BA5B984315,3
410250,15757,25.08.2020 16:46:00,,"2,235510018",Plus,NEW Aluminum Credit Card Wallet - RFID Blocking Case - Pink (New Products),,"4,210000038",Women,054826216783428249A279BA5B984315,3
459331,15757,07.09.2023 13:03:46,23.10.2023 15:26:46,"2,235510018",Plus,NEW Aluminum Credit Card Wallet - RFID Blocking Case - Pink (New Products),,"4,210000038",Women,054826216783428249A279BA5B984315,3
459332,15757,11.03.2020 08:20:00,,"2,235510018",Plus,NEW Aluminum Credit Card Wallet - RFID Blocking Case - Pink (New Products),,"4,210000038",Women,054826216783428249A279BA5B984315,3
459333,15757,08.01.2020 15:53:00,,"2,235510018",Plus,NEW Aluminum Credit Card Wallet - RFID Blocking Case - Pink (New Products),,"4,210000038",Women,054826216783428249A279BA5B984315,3
803,11668,05.08.2023 17:45:35,24.08.2023 20:45:35,"18,66240072",Intimates,Everyday Comfort Cami,,"38,40000153",Women,67E4423AFD0FFD2F451890C0888E6F33,3
804,11668,24.09.2023 07:15:00,,"18,66240072",Intimates,Everyday Comfort Cami,,"38,40000153",Women,67E4423AFD0FFD2F451890C0888E6F33,3
25112,11668,05.06.2021 15:13:35,20.06.2021 13:25:35,"18,66240072",Intimates,Everyday Comfort Cami,,"38,40000153",Women,67E4423AFD0FFD2F451890C0888E6F33,3
25113,11668,27.04.2021 00:59:00,,"18,66240072",Intimates,Everyday Comfort Cami,,"38,40000153",Women,67E4423AFD0FFD2F451890C0888E6F33,3
54453,11668,07.04.2021 06:41:11,09.04.2021 13:00:11,"18,66240072",Intimates,Everyday Comfort Cami,,"38,40000153",Women,67E4423AFD0FFD2F451890C0888E6F33,3
54454,11668,15.10.2023 04:17:00,,"18,66240072",Intimates,Everyday Comfort Cami,,"38,40000153",Women,67E4423AFD0FFD2F451890C0888E6F33,3
54455,11668,21.06.2022 07:55:00,,"18,66240072",Intimates,Everyday Comfort Cami,,"38,40000153",Women,67E4423AFD0FFD2F451890C0888E6F33,3
54456,11668,08.06.2022 04:16:00,,"18,66240072",Intimates,Everyday Comfort Cami,,"38,40000153",Women,67E4423AFD0FFD2F451890C0888E6F33,3
187628,11668,14.02.2022 02:24:04,02.04.2022 05:06:04,"18,66240072",Intimates,Everyday Comfort Cami,,"38,40000153",Women,67E4423AFD0FFD2F451890C0888E6F33,3
187629,11668,06.05.2021 15:15:00,,"18,66240072",Intimates,Everyday Comfort Cami,,"38,40000153",Women,67E4423AFD0FFD2F451890C0888E6F33,3
187630,11668,28.10.2020 18:13:00,,"18,66240072",Intimates,Everyday Comfort Cami,,"38,40000153",Women,67E4423AFD0FFD2F451890C0888E6F33,3
319107,11668,01.05.2023 09:23:25,17.05.2023 00:40:25,"18,66240072",Intimates,Everyday Comfort Cami,,"38,40000153",Women,67E4423AFD0FFD2F451890C0888E6F33,3
319108,11668,11.07.2021 08:22:00,,"18,66240072",Intimates,Everyday Comfort Cami,,"38,40000153",Women,67E4423AFD0FFD2F451890C0888E6F33,3
411155,11668,25.07.2021 15:19:30,15.09.2021 10:20:30,"18,66240072",Intimates,Everyday Comfort Cami,,"38,40000153",Women,67E4423AFD0FFD2F451890C0888E6F33,3
411156,11668,27.07.2021 15:02:00,,"18,66240072",Intimates,Everyday Comfort Cami,,"38,40000153",Women,67E4423AFD0FFD2F451890C0888E6F33,3
7613,27543,14.05.2023 04:00:39,03.06.2023 06:18:39,"19,87200004",Swim,Harbor Bay Big & Tall Swim Rash Guard,,36,Men,50E9EA9C1BC5E6067AB7C0D8FBDD5F21,3
7614,27543,23.12.2022 09:03:00,,"19,87200004",Swim,Harbor Bay Big & Tall Swim Rash Guard,,36,Men,50E9EA9C1BC5E6067AB7C0D8FBDD5F21,3
53917,27543,28.08.2021 05:12:21,18.10.2021 08:49:21,"19,87200004",Swim,Harbor Bay Big & Tall Swim Rash Guard,,36,Men,50E9EA9C1BC5E6067AB7C0D8FBDD5F21,3
53918,27543,27.10.2022 17:23:00,,"19,87200004",Swim,Harbor Bay Big & Tall Swim Rash Guard,,36,Men,50E9EA9C1BC5E6067AB7C0D8FBDD5F21,3
53919,27543,03.07.2020 09:10:00,,"19,87200004",Swim,Harbor Bay Big & Tall Swim Rash Guard,,36,Men,50E9EA9C1BC5E6067AB7C0D8FBDD5F21,3
60149,27543,25.05.2022 16:22:11,17.07.2022 15:03:11,"19,87200004",Swim,Harbor Bay Big & Tall Swim Rash Guard,,36,Men,50E9EA9C1BC5E6067AB7C0D8FBDD5F21,3
60150,27543,17.09.2020 11:31:00,,"19,87200004",Swim,Harbor Bay Big & Tall Swim Rash Guard,,36,Men,50E9EA9C1BC5E6067AB7C0D8FBDD5F21,3
78876,27543,28.01.2023 01:56:30,05.02.2023 00:55:30,"19,87200004",Swim,Harbor Bay Big & Tall Swim Rash Guard,,36,Men,50E9EA9C1BC5E6067AB7C0D8FBDD5F21,3
78877,27543,18.12.2021 09:08:00,,"19,87200004",Swim,Harbor Bay Big & Tall Swim Rash Guard,,36,Men,50E9EA9C1BC5E6067AB7C0D8FBDD5F21,3
78994,27543,16.01.2023 22:53:05,14.03.2023 16:13:05,"19,87200004",Swim,Harbor Bay Big & Tall Swim Rash Guard,,36,Men,50E9EA9C1BC5E6067AB7C0D8FBDD5F21,3
78995,27543,16.08.2023 16:16:00,,"19,87200004",Swim,Harbor Bay Big & Tall Swim Rash Guard,,36,Men,50E9EA9C1BC5E6067AB7C0D8FBDD5F21,3
256206,27543,06.06.2023 05:39:51,26.07.2023 15:40:51,"19,87200004",Swim,Harbor Bay Big & Tall Swim Rash Guard,,36,Men,50E9EA9C1BC5E6067AB7C0D8FBDD5F21,3
256207,27543,23.01.2023 08:26:00,,"19,87200004",Swim,Harbor Bay Big & Tall Swim Rash Guard,,36,Men,50E9EA9C1BC5E6067AB7C0D8FBDD5F21,3
362790,27543,22.08.2020 21:59:53,07.10.2020 13:57:53,"19,87200004",Swim,Harbor Bay Big & Tall Swim Rash Guard,,36,Men,50E9EA9C1BC5E6067AB7C0D8FBDD5F21,3
362791,27543,15.01.2020 10:14:00,,"19,87200004",Swim,Harbor Bay Big & Tall Swim Rash Guard,,36,Men,50E9EA9C1BC5E6067AB7C0D8FBDD5F21,3
362792,27543,15.07.2022 10:06:00,,"19,87200004",Swim,Harbor Bay Big & Tall Swim Rash Guard,,36,Men,50E9EA9C1BC5E6067AB7C0D8FBDD5F21,3
362793,27543,04.12.2021 15:18:00,,"19,87200004",Swim,Harbor Bay Big & Tall Swim Rash Guard,,36,Men,50E9EA9C1BC5E6067AB7C0D8FBDD5F21,3
368928,27543,10.07.2021 07:57:59,29.08.2021 01:30:59,"19,87200004",Swim,Harbor Bay Big & Tall Swim Rash Guard,,36,Men,50E9EA9C1BC5E6067AB7C0D8FBDD5F21,3
368929,27543,13.03.2022 13:22:00,,"19,87200004",Swim,Harbor Bay Big & Tall Swim Rash Guard,,36,Men,50E9EA9C1BC5E6067AB7C0D8FBDD5F21,3
368930,27543,03.04.2020 12:29:00,,"19,87200004",Swim,Harbor Bay Big & Tall Swim Rash Guard,,36,Men,50E9EA9C1BC5E6067AB7C0D8FBDD5F21,3
368931,27543,16.10.2021 05:15:00,,"19,87200004",Swim,Harbor Bay Big & Tall Swim Rash Guard,,36,Men,50E9EA9C1BC5E6067AB7C0D8FBDD5F21,3
421973,27543,23.06.2021 13:11:55,25.06.2021 01:39:55,"19,87200004",Swim,Harbor Bay Big & Tall Swim Rash Guard,,36,Men,50E9EA9C1BC5E6067AB7C0D8FBDD5F21,3
421974,27543,10.06.2022 16:24:00,,"19,87200004",Swim,Harbor Bay Big & Tall Swim Rash Guard,,36,Men,50E9EA9C1BC5E6067AB7C0D8FBDD5F21,3
483152,27543,25.07.2022 10:16:12,23.08.2022 13:41:12,"19,87200004",Swim,Harbor Bay Big & Tall Swim Rash Guard,,36,Men,50E9EA9C1BC5E6067AB7C0D8FBDD5F21,3
483153,27543,31.03.2021 12:10:00,,"19,87200004",Swim,Harbor Bay Big & Tall Swim Rash Guard,,36,Men,50E9EA9C1BC5E6067AB7C0D8FBDD5F21,3
483154,27543,06.01.2021 15:52:00,,"19,87200004",Swim,Harbor Bay Big & Tall Swim Rash Guard,,36,Men,50E9EA9C1BC5E6067AB7C0D8FBDD5F21,3
483155,27543,15.06.2022 10:53:00,,"19,87200004",Swim,Harbor Bay Big & Tall Swim Rash Guard,,36,Men,50E9EA9C1BC5E6067AB7C0D8FBDD5F21,3
148318,8600,08.11.2022 03:22:39,01.01.2023 23:05:39,"16,01555072",Outerwear & Coats,Women's Micro Fleece Vest (up to size 4X),,"35,99000168",Women,CE840AA9583592E71F3DB26EE6E41703,3
148319,8600,05.03.2023 11:51:00,,"16,01555072",Outerwear & Coats,Women's Micro Fleece Vest (up to size 4X),,"35,99000168",Women,CE840AA9583592E71F3DB26EE6E41703,3
148320,8600,15.05.2022 07:41:00,,"16,01555072",Outerwear & Coats,Women's Micro Fleece Vest (up to size 4X),,"35,99000168",Women,CE840AA9583592E71F3DB26EE6E41703,3
227278,8600,17.04.2023 13:20:26,09.06.2023 17:27:26,"16,01555072",Outerwear & Coats,Women's Micro Fleece Vest (up to size 4X),,"35,99000168",Women,CE840AA9583592E71F3DB26EE6E41703,3
227279,8600,16.05.2020 09:46:00,,"16,01555072",Outerwear & Coats,Women's Micro Fleece Vest (up to size 4X),,"35,99000168",Women,CE840AA9583592E71F3DB26EE6E41703,3
227280,8600,20.12.2021 14:39:00,,"16,01555072",Outerwear & Coats,Women's Micro Fleece Vest (up to size 4X),,"35,99000168",Women,CE840AA9583592E71F3DB26EE6E41703,3
433072,8600,04.01.2022 06:37:09,05.03.2022 00:32:09,"16,01555072",Outerwear & Coats,Women's Micro Fleece Vest (up to size 4X),,"35,99000168",Women,CE840AA9583592E71F3DB26EE6E41703,3
433073,8600,18.04.2022 13:37:00,,"16,01555072",Outerwear & Coats,Women's Micro Fleece Vest (up to size 4X),,"35,99000168",Women,CE840AA9583592E71F3DB26EE6E41703,3
2592,27288,18.07.2023 08:32:59,02.09.2023 21:10:59,"12,72660988",Sleep & Lounge,White and Black Check Dot VIP Flannel Pants for lounging sleep sports. Unisex relaxed fit,,"28,98999977",Men,97FB74BBDD02677ADC1A871FDD16AC7A,3
2593,27288,28.12.2020 13:41:00,,"12,72660988",Sleep & Lounge,White and Black Check Dot VIP Flannel Pants for lounging sleep sports. Unisex relaxed fit,,"28,98999977",Men,97FB74BBDD02677ADC1A871FDD16AC7A,3
112883,27288,09.04.2022 18:01:21,03.05.2022 10:19:21,"12,72660988",Sleep & Lounge,White and Black Check Dot VIP Flannel Pants for lounging sleep sports. Unisex relaxed fit,,"28,98999977",Men,97FB74BBDD02677ADC1A871FDD16AC7A,3
112884,27288,29.04.2020 15:38:00,,"12,72660988",Sleep & Lounge,White and Black Check Dot VIP Flannel Pants for lounging sleep sports. Unisex relaxed fit,,"28,98999977",Men,97FB74BBDD02677ADC1A871FDD16AC7A,3
112885,27288,23.01.2021 07:47:00,,"12,72660988",Sleep & Lounge,White and Black Check Dot VIP Flannel Pants for lounging sleep sports. Unisex relaxed fit,,"28,98999977",Men,97FB74BBDD02677ADC1A871FDD16AC7A,3
112886,27288,16.09.2021 09:24:00,,"12,72660988",Sleep & Lounge,White and Black Check Dot VIP Flannel Pants for lounging sleep sports. Unisex relaxed fit,,"28,98999977",Men,97FB74BBDD02677ADC1A871FDD16AC7A,3
141445,27288,13.07.2022 06:15:37,25.08.2022 23:04:37,"12,72660988",Sleep & Lounge,White and Black Check Dot VIP Flannel Pants for lounging sleep sports. Unisex relaxed fit,,"28,98999977",Men,97FB74BBDD02677ADC1A871FDD16AC7A,3
141446,27288,26.07.2023 14:28:00,,"12,72660988",Sleep & Lounge,White and Black Check Dot VIP Flannel Pants for lounging sleep sports. Unisex relaxed fit,,"28,98999977",Men,97FB74BBDD02677ADC1A871FDD16AC7A,3
220818,27288,07.04.2023 07:41:26,15.05.2023 23:10:26,"12,72660988",Sleep & Lounge,White and Black Check Dot VIP Flannel Pants for lounging sleep sports. Unisex relaxed fit,,"28,98999977",Men,97FB74BBDD02677ADC1A871FDD16AC7A,3
220819,27288,13.04.2022 15:19:00,,"12,72660988",Sleep & Lounge,White and Black Check Dot VIP Flannel Pants for lounging sleep sports. Unisex relaxed fit,,"28,98999977",Men,97FB74BBDD02677ADC1A871FDD16AC7A,3
355087,27288,02.05.2019 06:16:07,15.05.2019 13:49:07,"12,72660988",Sleep & Lounge,White and Black Check Dot VIP Flannel Pants for lounging sleep sports. Unisex relaxed fit,,"28,98999977",Men,97FB74BBDD02677ADC1A871FDD16AC7A,3
355088,27288,23.10.2023 04:28:00,,"12,72660988",Sleep & Lounge,White and Black Check Dot VIP Flannel Pants for lounging sleep sports. Unisex relaxed fit,,"28,98999977",Men,97FB74BBDD02677ADC1A871FDD16AC7A,3
355089,27288,24.04.2020 15:09:00,,"12,72660988",Sleep & Lounge,White and Black Check Dot VIP Flannel Pants for lounging sleep sports. Unisex relaxed fit,,"28,98999977",Men,97FB74BBDD02677ADC1A871FDD16AC7A,3
355090,27288,23.01.2020 15:20:00,,"12,72660988",Sleep & Lounge,White and Black Check Dot VIP Flannel Pants for lounging sleep sports. Unisex relaxed fit,,"28,98999977",Men,97FB74BBDD02677ADC1A871FDD16AC7A,3
62968,16559,13.11.2022 22:20:38,25.11.2022 09:40:38,"14,94424982",Tops & Tees,Gildan Adult Ultra CottonTM Sleeveless T-Shirt,,"25,98999977",Men,DC0FC2D90D6102BA02D0206857EAAC51,3
62969,16559,13.04.2022 01:18:00,,"14,94424982",Tops & Tees,Gildan Adult Ultra CottonTM Sleeveless T-Shirt,,"25,98999977",Men,DC0FC2D90D6102BA02D0206857EAAC51,3
62970,16559,05.09.2022 06:15:00,,"14,94424982",Tops & Tees,Gildan Adult Ultra CottonTM Sleeveless T-Shirt,,"25,98999977",Men,DC0FC2D90D6102BA02D0206857EAAC51,3
62971,16559,13.08.2020 05:32:00,,"14,94424982",Tops & Tees,Gildan Adult Ultra CottonTM Sleeveless T-Shirt,,"25,98999977",Men,DC0FC2D90D6102BA02D0206857EAAC51,3
97192,16559,15.11.2021 15:32:17,12.01.2022 04:28:17,"14,94424982",Tops & Tees,Gildan Adult Ultra CottonTM Sleeveless T-Shirt,,"25,98999977",Men,DC0FC2D90D6102BA02D0206857EAAC51,3
97193,16559,13.02.2023 05:59:00,,"14,94424982",Tops & Tees,Gildan Adult Ultra CottonTM Sleeveless T-Shirt,,"25,98999977",Men,DC0FC2D90D6102BA02D0206857EAAC51,3
119822,16559,16.09.2023 02:03:47,05.10.2023 03:16:47,"14,94424982",Tops & Tees,Gildan Adult Ultra CottonTM Sleeveless T-Shirt,,"25,98999977",Men,DC0FC2D90D6102BA02D0206857EAAC51,3
119823,16559,16.04.2020 03:09:00,,"14,94424982",Tops & Tees,Gildan Adult Ultra CottonTM Sleeveless T-Shirt,,"25,98999977",Men,DC0FC2D90D6102BA02D0206857EAAC51,3
197754,16559,29.01.2020 02:34:33,22.02.2020 10:53:33,"14,94424982",Tops & Tees,Gildan Adult Ultra CottonTM Sleeveless T-Shirt,,"25,98999977",Men,DC0FC2D90D6102BA02D0206857EAAC51,3
197755,16559,13.08.2020 12:09:00,,"14,94424982",Tops & Tees,Gildan Adult Ultra CottonTM Sleeveless T-Shirt,,"25,98999977",Men,DC0FC2D90D6102BA02D0206857EAAC51,3
311225,16559,02.10.2020 20:27:01,12.10.2020 22:41:01,"14,94424982",Tops & Tees,Gildan Adult Ultra CottonTM Sleeveless T-Shirt,,"25,98999977",Men,DC0FC2D90D6102BA02D0206857EAAC51,3
311226,16559,03.03.2021 01:18:00,,"14,94424982",Tops & Tees,Gildan Adult Ultra CottonTM Sleeveless T-Shirt,,"25,98999977",Men,DC0FC2D90D6102BA02D0206857EAAC51,3
344599,16559,11.06.2023 19:19:04,31.07.2023 03:33:04,"14,94424982",Tops & Tees,Gildan Adult Ultra CottonTM Sleeveless T-Shirt,,"25,98999977",Men,DC0FC2D90D6102BA02D0206857EAAC51,3
344600,16559,11.02.2022 09:45:00,,"14,94424982",Tops & Tees,Gildan Adult Ultra CottonTM Sleeveless T-Shirt,,"25,98999977",Men,DC0FC2D90D6102BA02D0206857EAAC51,3
453806,16559,25.12.2020 23:44:28,09.02.2021 23:35:28,"14,94424982",Tops & Tees,Gildan Adult Ultra CottonTM Sleeveless T-Shirt,,"25,98999977",Men,DC0FC2D90D6102BA02D0206857EAAC51,3
453807,16559,13.08.2023 01:04:00,,"14,94424982",Tops & Tees,Gildan Adult Ultra CottonTM Sleeveless T-Shirt,,"25,98999977",Men,DC0FC2D90D6102BA02D0206857EAAC51,3
453808,16559,01.07.2021 13:31:00,,"14,94424982",Tops & Tees,Gildan Adult Ultra CottonTM Sleeveless T-Shirt,,"25,98999977",Men,DC0FC2D90D6102BA02D0206857EAAC51,3
462695,16559,10.05.2023 06:26:04,30.06.2023 10:10:04,"14,94424982",Tops & Tees,Gildan Adult Ultra CottonTM Sleeveless T-Shirt,,"25,98999977",Men,DC0FC2D90D6102BA02D0206857EAAC51,3
462696,16559,28.09.2022 10:47:00,,"14,94424982",Tops & Tees,Gildan Adult Ultra CottonTM Sleeveless T-Shirt,,"25,98999977",Men,DC0FC2D90D6102BA02D0206857EAAC51,3
472274,16559,01.06.2022 21:36:10,25.07.2022 14:30:10,"14,94424982",Tops & Tees,Gildan Adult Ultra CottonTM Sleeveless T-Shirt,,"25,98999977",Men,DC0FC2D90D6102BA02D0206857EAAC51,3
472275,16559,10.09.2022 15:27:00,,"14,94424982",Tops & Tees,Gildan Adult Ultra CottonTM Sleeveless T-Shirt,,"25,98999977",Men,DC0FC2D90D6102BA02D0206857EAAC51,3
472276,16559,05.11.2020 16:26:00,,"14,94424982",Tops & Tees,Gildan Adult Ultra CottonTM Sleeveless T-Shirt,,"25,98999977",Men,DC0FC2D90D6102BA02D0206857EAAC51,3
18547,16309,28.01.2023 05:32:31,22.02.2023 23:57:31,"11,51999999",Tops & Tees,Hurley Men's One and Only Short Sleeve Tee,,20,Men,88E0F16114A1E011C87B797513095A20,3
18548,16309,05.03.2022 09:36:00,,"11,51999999",Tops & Tees,Hurley Men's One and Only Short Sleeve Tee,,20,Men,88E0F16114A1E011C87B797513095A20,3
18549,16309,13.12.2021 03:02:00,,"11,51999999",Tops & Tees,Hurley Men's One and Only Short Sleeve Tee,,20,Men,88E0F16114A1E011C87B797513095A20,3
79484,16309,16.04.2023 17:33:37,15.06.2023 02:22:37,"11,51999999",Tops & Tees,Hurley Men's One and Only Short Sleeve Tee,,20,Men,88E0F16114A1E011C87B797513095A20,3
79485,16309,11.07.2022 03:34:00,,"11,51999999",Tops & Tees,Hurley Men's One and Only Short Sleeve Tee,,20,Men,88E0F16114A1E011C87B797513095A20,3
79486,16309,18.02.2021 15:21:00,,"11,51999999",Tops & Tees,Hurley Men's One and Only Short Sleeve Tee,,20,Men,88E0F16114A1E011C87B797513095A20,3
79487,16309,15.09.2022 12:17:00,,"11,51999999",Tops & Tees,Hurley Men's One and Only Short Sleeve Tee,,20,Men,88E0F16114A1E011C87B797513095A20,3
180819,16309,14.03.2023 07:17:02,28.04.2023 04:27:02,"11,51999999",Tops & Tees,Hurley Men's One and Only Short Sleeve Tee,,20,Men,88E0F16114A1E011C87B797513095A20,3
180820,16309,03.01.2022 08:55:00,,"11,51999999",Tops & Tees,Hurley Men's One and Only Short Sleeve Tee,,20,Men,88E0F16114A1E011C87B797513095A20,3
227358,16309,01.08.2023 22:34:36,02.08.2023 21:12:36,"11,51999999",Tops & Tees,Hurley Men's One and Only Short Sleeve Tee,,20,Men,88E0F16114A1E011C87B797513095A20,3
227359,16309,12.06.2022 10:28:00,,"11,51999999",Tops & Tees,Hurley Men's One and Only Short Sleeve Tee,,20,Men,88E0F16114A1E011C87B797513095A20,3
315553,16309,20.07.2021 03:35:20,05.09.2021 15:00:20,"11,51999999",Tops & Tees,Hurley Men's One and Only Short Sleeve Tee,,20,Men,88E0F16114A1E011C87B797513095A20,3
315554,16309,21.05.2020 15:34:00,,"11,51999999",Tops & Tees,Hurley Men's One and Only Short Sleeve Tee,,20,Men,88E0F16114A1E011C87B797513095A20,3
315555,16309,30.09.2021 18:56:00,,"11,51999999",Tops & Tees,Hurley Men's One and Only Short Sleeve Tee,,20,Men,88E0F16114A1E011C87B797513095A20,3
315556,16309,12.11.2022 13:31:00,,"11,51999999",Tops & Tees,Hurley Men's One and Only Short Sleeve Tee,,20,Men,88E0F16114A1E011C87B797513095A20,3
367070,16309,08.11.2021 23:44:16,05.12.2021 09:48:16,"11,51999999",Tops & Tees,Hurley Men's One and Only Short Sleeve Tee,,20,Men,88E0F16114A1E011C87B797513095A20,3
367071,16309,16.12.2022 12:00:00,,"11,51999999",Tops & Tees,Hurley Men's One and Only Short Sleeve Tee,,20,Men,88E0F16114A1E011C87B797513095A20,3
412507,16309,21.06.2022 07:39:48,16.08.2022 07:11:48,"11,51999999",Tops & Tees,Hurley Men's One and Only Short Sleeve Tee,,20,Men,88E0F16114A1E011C87B797513095A20,3
412508,16309,21.09.2021 10:50:00,,"11,51999999",Tops & Tees,Hurley Men's One and Only Short Sleeve Tee,,20,Men,88E0F16114A1E011C87B797513095A20,3
412509,16309,03.11.2020 06:28:00,,"11,51999999",Tops & Tees,Hurley Men's One and Only Short Sleeve Tee,,20,Men,88E0F16114A1E011C87B797513095A20,3
416246,16309,14.08.2023 00:07:49,11.09.2023 01:36:49,"11,51999999",Tops & Tees,Hurley Men's One and Only Short Sleeve Tee,,20,Men,88E0F16114A1E011C87B797513095A20,3
416247,16309,08.05.2021 13:43:00,,"11,51999999",Tops & Tees,Hurley Men's One and Only Short Sleeve Tee,,20,Men,88E0F16114A1E011C87B797513095A20,3
466721,16309,18.08.2023 13:07:18,24.09.2023 14:43:18,"11,51999999",Tops & Tees,Hurley Men's One and Only Short Sleeve Tee,,20,Men,88E0F16114A1E011C87B797513095A20,3
466722,16309,09.03.2022 09:07:00,,"11,51999999",Tops & Tees,Hurley Men's One and Only Short Sleeve Tee,,20,Men,88E0F16114A1E011C87B797513095A20,3
1791,21207,05.02.2023 11:32:10,28.02.2023 14:11:10,"30,7543503",Jeans,Ariat 9424 Men's M4 Low Rise Boot Tumbled,,"59,95000076",Men,A59687B426E9EB30465997EB54862A2E,3
1792,21207,16.12.2022 15:53:00,,"30,7543503",Jeans,Ariat 9424 Men's M4 Low Rise Boot Tumbled,,"59,95000076",Men,A59687B426E9EB30465997EB54862A2E,3
1793,21207,04.03.2023 14:02:00,,"30,7543503",Jeans,Ariat 9424 Men's M4 Low Rise Boot Tumbled,,"59,95000076",Men,A59687B426E9EB30465997EB54862A2E,3
29374,21207,03.10.2019 16:11:14,06.11.2019 00:07:14,"30,7543503",Jeans,Ariat 9424 Men's M4 Low Rise Boot Tumbled,,"59,95000076",Men,A59687B426E9EB30465997EB54862A2E,3
29375,21207,30.03.2021 18:14:00,,"30,7543503",Jeans,Ariat 9424 Men's M4 Low Rise Boot Tumbled,,"59,95000076",Men,A59687B426E9EB30465997EB54862A2E,3
29376,21207,22.10.2021 02:37:00,,"30,7543503",Jeans,Ariat 9424 Men's M4 Low Rise Boot Tumbled,,"59,95000076",Men,A59687B426E9EB30465997EB54862A2E,3
34856,21207,15.06.2023 20:39:46,28.06.2023 10:42:46,"30,7543503",Jeans,Ariat 9424 Men's M4 Low Rise Boot Tumbled,,"59,95000076",Men,A59687B426E9EB30465997EB54862A2E,3
34857,21207,24.07.2023 04:35:00,,"30,7543503",Jeans,Ariat 9424 Men's M4 Low Rise Boot Tumbled,,"59,95000076",Men,A59687B426E9EB30465997EB54862A2E,3
34858,21207,22.03.2022 11:20:00,,"30,7543503",Jeans,Ariat 9424 Men's M4 Low Rise Boot Tumbled,,"59,95000076",Men,A59687B426E9EB30465997EB54862A2E,3
113611,21207,16.12.2021 11:07:05,29.12.2021 10:31:05,"30,7543503",Jeans,Ariat 9424 Men's M4 Low Rise Boot Tumbled,,"59,95000076",Men,A59687B426E9EB30465997EB54862A2E,3
113612,21207,09.09.2020 01:12:00,,"30,7543503",Jeans,Ariat 9424 Men's M4 Low Rise Boot Tumbled,,"59,95000076",Men,A59687B426E9EB30465997EB54862A2E,3
123397,21207,11.05.2021 15:07:00,10.06.2021 05:33:00,"30,7543503",Jeans,Ariat 9424 Men's M4 Low Rise Boot Tumbled,,"59,95000076",Men,A59687B426E9EB30465997EB54862A2E,3
123398,21207,17.06.2021 16:57:00,,"30,7543503",Jeans,Ariat 9424 Men's M4 Low Rise Boot Tumbled,,"59,95000076",Men,A59687B426E9EB30465997EB54862A2E,3
206399,21207,03.07.2022 02:23:35,04.08.2022 05:55:35,"30,7543503",Jeans,Ariat 9424 Men's M4 Low Rise Boot Tumbled,,"59,95000076",Men,A59687B426E9EB30465997EB54862A2E,3
206400,21207,10.06.2021 05:48:00,,"30,7543503",Jeans,Ariat 9424 Men's M4 Low Rise Boot Tumbled,,"59,95000076",Men,A59687B426E9EB30465997EB54862A2E,3
206401,21207,03.07.2023 00:51:00,,"30,7543503",Jeans,Ariat 9424 Men's M4 Low Rise Boot Tumbled,,"59,95000076",Men,A59687B426E9EB30465997EB54862A2E,3
206402,21207,25.12.2022 04:18:00,,"30,7543503",Jeans,Ariat 9424 Men's M4 Low Rise Boot Tumbled,,"59,95000076",Men,A59687B426E9EB30465997EB54862A2E,3
227047,21207,07.09.2021 08:56:53,29.09.2021 04:32:53,"30,7543503",Jeans,Ariat 9424 Men's M4 Low Rise Boot Tumbled,,"59,95000076",Men,A59687B426E9EB30465997EB54862A2E,3
227048,21207,03.11.2022 18:40:00,,"30,7543503",Jeans,Ariat 9424 Men's M4 Low Rise Boot Tumbled,,"59,95000076",Men,A59687B426E9EB30465997EB54862A2E,3
227049,21207,04.09.2020 12:27:00,,"30,7543503",Jeans,Ariat 9424 Men's M4 Low Rise Boot Tumbled,,"59,95000076",Men,A59687B426E9EB30465997EB54862A2E,3
232260,21207,28.03.2023 11:29:43,04.04.2023 01:56:43,"30,7543503",Jeans,Ariat 9424 Men's M4 Low Rise Boot Tumbled,,"59,95000076",Men,A59687B426E9EB30465997EB54862A2E,3
232261,21207,14.08.2020 06:41:00,,"30,7543503",Jeans,Ariat 9424 Men's M4 Low Rise Boot Tumbled,,"59,95000076",Men,A59687B426E9EB30465997EB54862A2E,3
355392,21207,03.11.2022 23:45:16,14.12.2022 15:08:16,"30,7543503",Jeans,Ariat 9424 Men's M4 Low Rise Boot Tumbled,,"59,95000076",Men,A59687B426E9EB30465997EB54862A2E,3
355393,21207,05.04.2023 03:22:00,,"30,7543503",Jeans,Ariat 9424 Men's M4 Low Rise Boot Tumbled,,"59,95000076",Men,A59687B426E9EB30465997EB54862A2E,3
392990,21207,29.07.2022 08:08:12,03.09.2022 03:31:12,"30,7543503",Jeans,Ariat 9424 Men's M4 Low Rise Boot Tumbled,,"59,95000076",Men,A59687B426E9EB30465997EB54862A2E,3
392991,21207,16.01.2020 17:21:00,,"30,7543503",Jeans,Ariat 9424 Men's M4 Low Rise Boot Tumbled,,"59,95000076",Men,A59687B426E9EB30465997EB54862A2E,3
163229,23769,11.10.2020 07:53:21,18.11.2020 11:27:21,"18,54000002",Outerwear & Coats,Stormtech Men's Chinook Fleece Vest,,45,Men,1C51851B7A12EED5C6DDBEE10E6EA94C,3
163230,23769,22.12.2022 06:37:00,,"18,54000002",Outerwear & Coats,Stormtech Men's Chinook Fleece Vest,,45,Men,1C51851B7A12EED5C6DDBEE10E6EA94C,3
201815,23769,15.12.2021 12:27:01,06.02.2022 12:51:01,"18,54000002",Outerwear & Coats,Stormtech Men's Chinook Fleece Vest,,45,Men,1C51851B7A12EED5C6DDBEE10E6EA94C,3
201816,23769,13.12.2020 14:27:00,,"18,54000002",Outerwear & Coats,Stormtech Men's Chinook Fleece Vest,,45,Men,1C51851B7A12EED5C6DDBEE10E6EA94C,3
201817,23769,01.05.2023 10:13:00,,"18,54000002",Outerwear & Coats,Stormtech Men's Chinook Fleece Vest,,45,Men,1C51851B7A12EED5C6DDBEE10E6EA94C,3
201818,23769,08.10.2022 13:29:00,,"18,54000002",Outerwear & Coats,Stormtech Men's Chinook Fleece Vest,,45,Men,1C51851B7A12EED5C6DDBEE10E6EA94C,3
347691,23769,13.07.2022 14:19:50,27.07.2022 07:33:50,"18,54000002",Outerwear & Coats,Stormtech Men's Chinook Fleece Vest,,45,Men,1C51851B7A12EED5C6DDBEE10E6EA94C,3
347692,23769,25.02.2023 14:42:00,,"18,54000002",Outerwear & Coats,Stormtech Men's Chinook Fleece Vest,,45,Men,1C51851B7A12EED5C6DDBEE10E6EA94C,3
347693,23769,07.04.2020 03:07:00,,"18,54000002",Outerwear & Coats,Stormtech Men's Chinook Fleece Vest,,45,Men,1C51851B7A12EED5C6DDBEE10E6EA94C,3
423024,23769,31.05.2021 04:38:48,24.06.2021 04:43:48,"18,54000002",Outerwear & Coats,Stormtech Men's Chinook Fleece Vest,,45,Men,1C51851B7A12EED5C6DDBEE10E6EA94C,3
423025,23769,29.06.2021 14:16:00,,"18,54000002",Outerwear & Coats,Stormtech Men's Chinook Fleece Vest,,45,Men,1C51851B7A12EED5C6DDBEE10E6EA94C,3
423026,23769,11.03.2020 10:52:00,,"18,54000002",Outerwear & Coats,Stormtech Men's Chinook Fleece Vest,,45,Men,1C51851B7A12EED5C6DDBEE10E6EA94C,3
423027,23769,27.08.2023 10:03:00,,"18,54000002",Outerwear & Coats,Stormtech Men's Chinook Fleece Vest,,45,Men,1C51851B7A12EED5C6DDBEE10E6EA94C,3
27000,24287,20.12.2021 08:34:10,08.02.2022 13:52:10,"39,48804878",Outerwear & Coats,Adidas Men's Hiking Hooded 1Side Fleece Jacket,,"89,94999695",Men,9F62C81D7B48E146423F79C9E151510D,3
27001,24287,14.01.2023 07:17:00,,"39,48804878",Outerwear & Coats,Adidas Men's Hiking Hooded 1Side Fleece Jacket,,"89,94999695",Men,9F62C81D7B48E146423F79C9E151510D,3
27002,24287,25.05.2021 16:30:00,,"39,48804878",Outerwear & Coats,Adidas Men's Hiking Hooded 1Side Fleece Jacket,,"89,94999695",Men,9F62C81D7B48E146423F79C9E151510D,3
35876,24287,22.03.2023 18:27:26,05.05.2023 07:33:26,"39,48804878",Outerwear & Coats,Adidas Men's Hiking Hooded 1Side Fleece Jacket,,"89,94999695",Men,9F62C81D7B48E146423F79C9E151510D,3
35877,24287,12.10.2021 02:14:00,,"39,48804878",Outerwear & Coats,Adidas Men's Hiking Hooded 1Side Fleece Jacket,,"89,94999695",Men,9F62C81D7B48E146423F79C9E151510D,3
35878,24287,14.05.2021 06:47:00,,"39,48804878",Outerwear & Coats,Adidas Men's Hiking Hooded 1Side Fleece Jacket,,"89,94999695",Men,9F62C81D7B48E146423F79C9E151510D,3
35879,24287,16.07.2023 14:17:00,,"39,48804878",Outerwear & Coats,Adidas Men's Hiking Hooded 1Side Fleece Jacket,,"89,94999695",Men,9F62C81D7B48E146423F79C9E151510D,3
39486,24287,23.04.2023 09:04:13,04.05.2023 09:59:13,"39,48804878",Outerwear & Coats,Adidas Men's Hiking Hooded 1Side Fleece Jacket,,"89,94999695",Men,9F62C81D7B48E146423F79C9E151510D,3
39487,24287,02.02.2021 01:08:00,,"39,48804878",Outerwear & Coats,Adidas Men's Hiking Hooded 1Side Fleece Jacket,,"89,94999695",Men,9F62C81D7B48E146423F79C9E151510D,3
66567,24287,31.12.2022 03:00:04,01.02.2023 08:59:04,"39,48804878",Outerwear & Coats,Adidas Men's Hiking Hooded 1Side Fleece Jacket,,"89,94999695",Men,9F62C81D7B48E146423F79C9E151510D,3
66568,24287,22.09.2023 00:32:00,,"39,48804878",Outerwear & Coats,Adidas Men's Hiking Hooded 1Side Fleece Jacket,,"89,94999695",Men,9F62C81D7B48E146423F79C9E151510D,3
81781,24287,30.09.2021 21:45:03,03.10.2021 13:09:03,"39,48804878",Outerwear & Coats,Adidas Men's Hiking Hooded 1Side Fleece Jacket,,"89,94999695",Men,9F62C81D7B48E146423F79C9E151510D,3
81782,24287,24.06.2020 06:46:00,,"39,48804878",Outerwear & Coats,Adidas Men's Hiking Hooded 1Side Fleece Jacket,,"89,94999695",Men,9F62C81D7B48E146423F79C9E151510D,3
81783,24287,28.02.2020 14:00:00,,"39,48804878",Outerwear & Coats,Adidas Men's Hiking Hooded 1Side Fleece Jacket,,"89,94999695",Men,9F62C81D7B48E146423F79C9E151510D,3
81784,24287,28.03.2021 09:32:00,,"39,48804878",Outerwear & Coats,Adidas Men's Hiking Hooded 1Side Fleece Jacket,,"89,94999695",Men,9F62C81D7B48E146423F79C9E151510D,3
323437,24287,21.06.2022 22:29:57,25.07.2022 03:23:57,"39,48804878",Outerwear & Coats,Adidas Men's Hiking Hooded 1Side Fleece Jacket,,"89,94999695",Men,9F62C81D7B48E146423F79C9E151510D,3
323438,24287,13.12.2020 04:28:00,,"39,48804878",Outerwear & Coats,Adidas Men's Hiking Hooded 1Side Fleece Jacket,,"89,94999695",Men,9F62C81D7B48E146423F79C9E151510D,3
323439,24287,06.09.2021 18:31:00,,"39,48804878",Outerwear & Coats,Adidas Men's Hiking Hooded 1Side Fleece Jacket,,"89,94999695",Men,9F62C81D7B48E146423F79C9E151510D,3
474730,24287,11.03.2023 23:30:41,02.04.2023 08:04:41,"39,48804878",Outerwear & Coats,Adidas Men's Hiking Hooded 1Side Fleece Jacket,,"89,94999695",Men,9F62C81D7B48E146423F79C9E151510D,3
474731,24287,23.01.2021 00:23:00,,"39,48804878",Outerwear & Coats,Adidas Men's Hiking Hooded 1Side Fleece Jacket,,"89,94999695",Men,9F62C81D7B48E146423F79C9E151510D,3
488385,24287,30.11.2021 22:26:04,27.01.2022 12:09:04,"39,48804878",Outerwear & Coats,Adidas Men's Hiking Hooded 1Side Fleece Jacket,,"89,94999695",Men,9F62C81D7B48E146423F79C9E151510D,3
488386,24287,13.01.2023 10:26:00,,"39,48804878",Outerwear & Coats,Adidas Men's Hiking Hooded 1Side Fleece Jacket,,"89,94999695",Men,9F62C81D7B48E146423F79C9E151510D,3
75475,21484,15.08.2022 21:12:28,11.10.2022 01:39:28,"30,28549998",Jeans,True Nation Big & Tall Relaxed-Fit Jeans,,"59,5",Men,64C32B8EB5304D80BA093227975ECE13,3
75476,21484,15.02.2020 03:52:00,,"30,28549998",Jeans,True Nation Big & Tall Relaxed-Fit Jeans,,"59,5",Men,64C32B8EB5304D80BA093227975ECE13,3
83617,21484,19.07.2023 01:34:31,19.08.2023 08:08:31,"30,28549998",Jeans,True Nation Big & Tall Relaxed-Fit Jeans,,"59,5",Men,64C32B8EB5304D80BA093227975ECE13,3
83618,21484,30.01.2021 09:08:00,,"30,28549998",Jeans,True Nation Big & Tall Relaxed-Fit Jeans,,"59,5",Men,64C32B8EB5304D80BA093227975ECE13,3
83619,21484,23.10.2021 18:41:00,,"30,28549998",Jeans,True Nation Big & Tall Relaxed-Fit Jeans,,"59,5",Men,64C32B8EB5304D80BA093227975ECE13,3
223139,21484,12.04.2023 11:14:10,24.05.2023 02:42:10,"30,28549998",Jeans,True Nation Big & Tall Relaxed-Fit Jeans,,"59,5",Men,64C32B8EB5304D80BA093227975ECE13,3
223140,21484,29.05.2022 10:53:00,,"30,28549998",Jeans,True Nation Big & Tall Relaxed-Fit Jeans,,"59,5",Men,64C32B8EB5304D80BA093227975ECE13,3
223141,21484,08.11.2021 15:43:00,,"30,28549998",Jeans,True Nation Big & Tall Relaxed-Fit Jeans,,"59,5",Men,64C32B8EB5304D80BA093227975ECE13,3
374611,21484,13.06.2021 01:45:32,03.08.2021 13:06:32,"30,28549998",Jeans,True Nation Big & Tall Relaxed-Fit Jeans,,"59,5",Men,64C32B8EB5304D80BA093227975ECE13,3
374612,21484,28.06.2023 14:55:00,,"30,28549998",Jeans,True Nation Big & Tall Relaxed-Fit Jeans,,"59,5",Men,64C32B8EB5304D80BA093227975ECE13,3
385312,21484,15.03.2023 18:59:40,02.05.2023 13:14:40,"30,28549998",Jeans,True Nation Big & Tall Relaxed-Fit Jeans,,"59,5",Men,64C32B8EB5304D80BA093227975ECE13,3
385313,21484,16.04.2021 05:24:00,,"30,28549998",Jeans,True Nation Big & Tall Relaxed-Fit Jeans,,"59,5",Men,64C32B8EB5304D80BA093227975ECE13,3
385314,21484,13.07.2021 04:31:00,,"30,28549998",Jeans,True Nation Big & Tall Relaxed-Fit Jeans,,"59,5",Men,64C32B8EB5304D80BA093227975ECE13,3
449761,21484,05.06.2023 14:48:18,15.07.2023 09:31:18,"30,28549998",Jeans,True Nation Big & Tall Relaxed-Fit Jeans,,"59,5",Men,64C32B8EB5304D80BA093227975ECE13,3
449762,21484,08.03.2022 11:28:00,,"30,28549998",Jeans,True Nation Big & Tall Relaxed-Fit Jeans,,"59,5",Men,64C32B8EB5304D80BA093227975ECE13,3
344287,755,20.04.2023 12:57:52,26.04.2023 10:50:52,"15,14085035",Tops & Tees,The Very Hungry Caterpillar Classic Book Women's Slim Fit T-shirt by Out Of Print Clothing,,"28,95000076",Women,CCB0989662211F61EDAE2E26D58EA92F,3
344288,755,08.09.2022 03:47:00,,"15,14085035",Tops & Tees,The Very Hungry Caterpillar Classic Book Women's Slim Fit T-shirt by Out Of Print Clothing,,"28,95000076",Women,CCB0989662211F61EDAE2E26D58EA92F,3
447409,755,05.10.2020 15:01:17,23.10.2020 15:45:17,"15,14085035",Tops & Tees,The Very Hungry Caterpillar Classic Book Women's Slim Fit T-shirt by Out Of Print Clothing,,"28,95000076",Women,CCB0989662211F61EDAE2E26D58EA92F,3
447410,755,12.04.2020 07:33:00,,"15,14085035",Tops & Tees,The Very Hungry Caterpillar Classic Book Women's Slim Fit T-shirt by Out Of Print Clothing,,"28,95000076",Women,CCB0989662211F61EDAE2E26D58EA92F,3
447411,755,16.04.2022 08:17:00,,"15,14085035",Tops & Tees,The Very Hungry Caterpillar Classic Book Women's Slim Fit T-shirt by Out Of Print Clothing,,"28,95000076",Women,CCB0989662211F61EDAE2E26D58EA92F,3
447412,755,19.06.2022 14:20:00,,"15,14085035",Tops & Tees,The Very Hungry Caterpillar Classic Book Women's Slim Fit T-shirt by Out Of Print Clothing,,"28,95000076",Women,CCB0989662211F61EDAE2E26D58EA92F,3
470400,755,27.05.2023 04:28:37,18.06.2023 13:35:37,"15,14085035",Tops & Tees,The Very Hungry Caterpillar Classic Book Women's Slim Fit T-shirt by Out Of Print Clothing,,"28,95000076",Women,CCB0989662211F61EDAE2E26D58EA92F,3
470401,755,02.07.2020 11:57:00,,"15,14085035",Tops & Tees,The Very Hungry Caterpillar Classic Book Women's Slim Fit T-shirt by Out Of Print Clothing,,"28,95000076",Women,CCB0989662211F61EDAE2E26D58EA92F,3
470402,755,07.08.2021 00:33:00,,"15,14085035",Tops & Tees,The Very Hungry Caterpillar Classic Book Women's Slim Fit T-shirt by Out Of Print Clothing,,"28,95000076",Women,CCB0989662211F61EDAE2E26D58EA92F,3
476735,755,14.04.2023 13:53:22,12.05.2023 01:41:22,"15,14085035",Tops & Tees,The Very Hungry Caterpillar Classic Book Women's Slim Fit T-shirt by Out Of Print Clothing,,"28,95000076",Women,CCB0989662211F61EDAE2E26D58EA92F,3
476736,755,05.12.2021 17:09:00,,"15,14085035",Tops & Tees,The Very Hungry Caterpillar Classic Book Women's Slim Fit T-shirt by Out Of Print Clothing,,"28,95000076",Women,CCB0989662211F61EDAE2E26D58EA92F,3
54996,27640,08.08.2020 09:19:23,18.09.2020 12:58:23,"29,35350006",Swim,O'Neill Hangover Boardshorts,,"49,5",Men,42ADA6A116005062613A49ADD8AB908B,3
54997,27640,01.08.2023 12:22:00,,"29,35350006",Swim,O'Neill Hangover Boardshorts,,"49,5",Men,42ADA6A116005062613A49ADD8AB908B,3
63837,27640,10.08.2022 19:03:02,12.08.2022 04:41:02,"29,35350006",Swim,O'Neill Hangover Boardshorts,,"49,5",Men,42ADA6A116005062613A49ADD8AB908B,3
63838,27640,26.08.2021 04:42:00,,"29,35350006",Swim,O'Neill Hangover Boardshorts,,"49,5",Men,42ADA6A116005062613A49ADD8AB908B,3
63839,27640,09.08.2023 15:44:00,,"29,35350006",Swim,O'Neill Hangover Boardshorts,,"49,5",Men,42ADA6A116005062613A49ADD8AB908B,3
63840,27640,26.05.2021 14:15:00,,"29,35350006",Swim,O'Neill Hangover Boardshorts,,"49,5",Men,42ADA6A116005062613A49ADD8AB908B,3
75418,27640,12.01.2022 06:56:40,11.03.2022 02:46:40,"29,35350006",Swim,O'Neill Hangover Boardshorts,,"49,5",Men,42ADA6A116005062613A49ADD8AB908B,3
75419,27640,20.12.2022 16:48:00,,"29,35350006",Swim,O'Neill Hangover Boardshorts,,"49,5",Men,42ADA6A116005062613A49ADD8AB908B,3
310680,27640,24.08.2022 09:50:23,05.10.2022 14:14:23,"29,35350006",Swim,O'Neill Hangover Boardshorts,,"49,5",Men,42ADA6A116005062613A49ADD8AB908B,3
310681,27640,22.07.2020 08:26:00,,"29,35350006",Swim,O'Neill Hangover Boardshorts,,"49,5",Men,42ADA6A116005062613A49ADD8AB908B,3
310682,27640,02.02.2023 02:41:00,,"29,35350006",Swim,O'Neill Hangover Boardshorts,,"49,5",Men,42ADA6A116005062613A49ADD8AB908B,3
410826,27640,17.01.2021 20:05:09,23.02.2021 13:13:09,"29,35350006",Swim,O'Neill Hangover Boardshorts,,"49,5",Men,42ADA6A116005062613A49ADD8AB908B,3
410827,27640,06.06.2022 04:23:00,,"29,35350006",Swim,O'Neill Hangover Boardshorts,,"49,5",Men,42ADA6A116005062613A49ADD8AB908B,3
410828,27640,26.07.2023 18:51:00,,"29,35350006",Swim,O'Neill Hangover Boardshorts,,"49,5",Men,42ADA6A116005062613A49ADD8AB908B,3
410829,27640,07.06.2021 16:58:00,,"29,35350006",Swim,O'Neill Hangover Boardshorts,,"49,5",Men,42ADA6A116005062613A49ADD8AB908B,3
463427,27640,06.01.2022 17:36:30,26.02.2022 16:34:30,"29,35350006",Swim,O'Neill Hangover Boardshorts,,"49,5",Men,42ADA6A116005062613A49ADD8AB908B,3
463428,27640,20.06.2020 04:32:00,,"29,35350006",Swim,O'Neill Hangover Boardshorts,,"49,5",Men,42ADA6A116005062613A49ADD8AB908B,3
463429,27640,29.03.2020 11:43:00,,"29,35350006",Swim,O'Neill Hangover Boardshorts,,"49,5",Men,42ADA6A116005062613A49ADD8AB908B,3
463430,27640,09.07.2020 18:57:00,,"29,35350006",Swim,O'Neill Hangover Boardshorts,,"49,5",Men,42ADA6A116005062613A49ADD8AB908B,3
178954,10250,18.12.2021 22:00:53,24.01.2022 14:04:53,"26,90235047",Sleep & Lounge,Hatley Labs On Plaid Flannel Nightdress,H,"46,95000076",Women,183F50A7700982A3ED18FF6D7A5777BF,8
178955,10250,22.10.2022 00:40:00,,"26,90235047",Sleep & Lounge,Hatley Labs On Plaid Flannel Nightdress,H,"46,95000076",Women,183F50A7700982A3ED18FF6D7A5777BF,8
178956,10250,28.05.2020 03:38:00,,"26,90235047",Sleep & Lounge,Hatley Labs On Plaid Flannel Nightdress,H,"46,95000076",Women,183F50A7700982A3ED18FF6D7A5777BF,8
479521,10250,26.12.2022 06:06:25,22.02.2023 04:48:25,"26,90235047",Sleep & Lounge,Hatley Labs On Plaid Flannel Nightdress,H,"46,95000076",Women,183F50A7700982A3ED18FF6D7A5777BF,8
479522,10250,11.07.2023 02:12:00,,"26,90235047",Sleep & Lounge,Hatley Labs On Plaid Flannel Nightdress,H,"46,95000076",Women,183F50A7700982A3ED18FF6D7A5777BF,8
82126,13228,25.08.2021 22:40:07,18.09.2021 06:15:07,"19,5960807",Swim,Womens BB Plus Size Swimdress Swimsuit Long Tankini Swimwear black/pink black/white blue floral 18-24,BB,"49,99000168",Women,2602FD311D93E2B8CCBBC9165E0AD653,6
82127,13228,08.09.2021 12:19:00,,"19,5960807",Swim,Womens BB Plus Size Swimdress Swimsuit Long Tankini Swimwear black/pink black/white blue floral 18-24,BB,"49,99000168",Women,2602FD311D93E2B8CCBBC9165E0AD653,6
95215,13228,24.08.2023 02:29:15,03.09.2023 06:05:15,"19,5960807",Swim,Womens BB Plus Size Swimdress Swimsuit Long Tankini Swimwear black/pink black/white blue floral 18-24,BB,"49,99000168",Women,2602FD311D93E2B8CCBBC9165E0AD653,6
95216,13228,15.01.2020 05:25:00,,"19,5960807",Swim,Womens BB Plus Size Swimdress Swimsuit Long Tankini Swimwear black/pink black/white blue floral 18-24,BB,"49,99000168",Women,2602FD311D93E2B8CCBBC9165E0AD653,6
102656,13228,03.09.2021 14:09:49,30.09.2021 11:25:49,"19,5960807",Swim,Womens BB Plus Size Swimdress Swimsuit Long Tankini Swimwear black/pink black/white blue floral 18-24,BB,"49,99000168",Women,2602FD311D93E2B8CCBBC9165E0AD653,6
102657,13228,19.07.2021 05:13:00,,"19,5960807",Swim,Womens BB Plus Size Swimdress Swimsuit Long Tankini Swimwear black/pink black/white blue floral 18-24,BB,"49,99000168",Women,2602FD311D93E2B8CCBBC9165E0AD653,6
102658,13228,12.04.2022 17:16:00,,"19,5960807",Swim,Womens BB Plus Size Swimdress Swimsuit Long Tankini Swimwear black/pink black/white blue floral 18-24,BB,"49,99000168",Women,2602FD311D93E2B8CCBBC9165E0AD653,6
102659,13228,08.04.2020 09:16:00,,"19,5960807",Swim,Womens BB Plus Size Swimdress Swimsuit Long Tankini Swimwear black/pink black/white blue floral 18-24,BB,"49,99000168",Women,2602FD311D93E2B8CCBBC9165E0AD653,6
109433,13228,30.08.2023 15:27:57,10.09.2023 14:41:57,"19,5960807",Swim,Womens BB Plus Size Swimdress Swimsuit Long Tankini Swimwear black/pink black/white blue floral 18-24,BB,"49,99000168",Women,2602FD311D93E2B8CCBBC9165E0AD653,6
109434,13228,30.10.2021 16:52:00,,"19,5960807",Swim,Womens BB Plus Size Swimdress Swimsuit Long Tankini Swimwear black/pink black/white blue floral 18-24,BB,"49,99000168",Women,2602FD311D93E2B8CCBBC9165E0AD653,6
109435,13228,21.12.2020 07:52:00,,"19,5960807",Swim,Womens BB Plus Size Swimdress Swimsuit Long Tankini Swimwear black/pink black/white blue floral 18-24,BB,"49,99000168",Women,2602FD311D93E2B8CCBBC9165E0AD653,6
109436,13228,16.03.2021 05:10:00,,"19,5960807",Swim,Womens BB Plus Size Swimdress Swimsuit Long Tankini Swimwear black/pink black/white blue floral 18-24,BB,"49,99000168",Women,2602FD311D93E2B8CCBBC9165E0AD653,6
138400,13228,08.11.2021 09:38:14,02.01.2022 02:47:14,"19,5960807",Swim,Womens BB Plus Size Swimdress Swimsuit Long Tankini Swimwear black/pink black/white blue floral 18-24,BB,"49,99000168",Women,2602FD311D93E2B8CCBBC9165E0AD653,6
138401,13228,01.08.2023 16:53:00,,"19,5960807",Swim,Womens BB Plus Size Swimdress Swimsuit Long Tankini Swimwear black/pink black/white blue floral 18-24,BB,"49,99000168",Women,2602FD311D93E2B8CCBBC9165E0AD653,6
138402,13228,01.03.2022 11:08:00,,"19,5960807",Swim,Womens BB Plus Size Swimdress Swimsuit Long Tankini Swimwear black/pink black/white blue floral 18-24,BB,"49,99000168",Women,2602FD311D93E2B8CCBBC9165E0AD653,6
261619,13228,15.03.2023 21:31:31,08.04.2023 11:12:31,"19,5960807",Swim,Womens BB Plus Size Swimdress Swimsuit Long Tankini Swimwear black/pink black/white blue floral 18-24,BB,"49,99000168",Women,2602FD311D93E2B8CCBBC9165E0AD653,6
261620,13228,27.04.2021 03:42:00,,"19,5960807",Swim,Womens BB Plus Size Swimdress Swimsuit Long Tankini Swimwear black/pink black/white blue floral 18-24,BB,"49,99000168",Women,2602FD311D93E2B8CCBBC9165E0AD653,6
267210,13228,03.03.2023 23:05:33,20.04.2023 23:12:33,"19,5960807",Swim,Womens BB Plus Size Swimdress Swimsuit Long Tankini Swimwear black/pink black/white blue floral 18-24,BB,"49,99000168",Women,2602FD311D93E2B8CCBBC9165E0AD653,6
267211,13228,17.11.2021 10:07:00,,"19,5960807",Swim,Womens BB Plus Size Swimdress Swimsuit Long Tankini Swimwear black/pink black/white blue floral 18-24,BB,"49,99000168",Women,2602FD311D93E2B8CCBBC9165E0AD653,6
267212,13228,01.09.2023 01:46:00,,"19,5960807",Swim,Womens BB Plus Size Swimdress Swimsuit Long Tankini Swimwear black/pink black/white blue floral 18-24,BB,"49,99000168",Women,2602FD311D93E2B8CCBBC9165E0AD653,6
283125,13228,15.02.2021 13:29:44,07.03.2021 15:09:44,"19,5960807",Swim,Womens BB Plus Size Swimdress Swimsuit Long Tankini Swimwear black/pink black/white blue floral 18-24,BB,"49,99000168",Women,2602FD311D93E2B8CCBBC9165E0AD653,6
283126,13228,07.04.2023 02:42:00,,"19,5960807",Swim,Womens BB Plus Size Swimdress Swimsuit Long Tankini Swimwear black/pink black/white blue floral 18-24,BB,"49,99000168",Women,2602FD311D93E2B8CCBBC9165E0AD653,6
283127,13228,16.01.2021 16:53:00,,"19,5960807",Swim,Womens BB Plus Size Swimdress Swimsuit Long Tankini Swimwear black/pink black/white blue floral 18-24,BB,"49,99000168",Women,2602FD311D93E2B8CCBBC9165E0AD653,6
157346,13519,15.01.2023 20:33:50,17.02.2023 09:00:50,"19,94601077",Swim,Womens Bb Plus Size Surplice Wrap One Piece Swimsuit Tank Swimwear Pink/black Black Brown/black Tribal 18-24,BB,"49,99000168",Women,4843444B2CD1C2D4B2B261E396C5DA4A,6
157347,13519,13.12.2022 17:59:00,,"19,94601077",Swim,Womens Bb Plus Size Surplice Wrap One Piece Swimsuit Tank Swimwear Pink/black Black Brown/black Tribal 18-24,BB,"49,99000168",Women,4843444B2CD1C2D4B2B261E396C5DA4A,6
157348,13519,24.10.2021 13:43:00,,"19,94601077",Swim,Womens Bb Plus Size Surplice Wrap One Piece Swimsuit Tank Swimwear Pink/black Black Brown/black Tribal 18-24,BB,"49,99000168",Women,4843444B2CD1C2D4B2B261E396C5DA4A,6
202370,13519,17.05.2022 02:14:18,23.06.2022 05:31:18,"19,94601077",Swim,Womens Bb Plus Size Surplice Wrap One Piece Swimsuit Tank Swimwear Pink/black Black Brown/black Tribal 18-24,BB,"49,99000168",Women,4843444B2CD1C2D4B2B261E396C5DA4A,6
202371,13519,21.09.2022 11:08:00,,"19,94601077",Swim,Womens Bb Plus Size Surplice Wrap One Piece Swimsuit Tank Swimwear Pink/black Black Brown/black Tribal 18-24,BB,"49,99000168",Women,4843444B2CD1C2D4B2B261E396C5DA4A,6
202372,13519,29.01.2023 11:27:00,,"19,94601077",Swim,Womens Bb Plus Size Surplice Wrap One Piece Swimsuit Tank Swimwear Pink/black Black Brown/black Tribal 18-24,BB,"49,99000168",Women,4843444B2CD1C2D4B2B261E396C5DA4A,6
230613,13519,31.01.2022 18:33:32,12.02.2022 07:29:32,"19,94601077",Swim,Womens Bb Plus Size Surplice Wrap One Piece Swimsuit Tank Swimwear Pink/black Black Brown/black Tribal 18-24,BB,"49,99000168",Women,4843444B2CD1C2D4B2B261E396C5DA4A,6
230614,13519,25.07.2020 06:53:00,,"19,94601077",Swim,Womens Bb Plus Size Surplice Wrap One Piece Swimsuit Tank Swimwear Pink/black Black Brown/black Tribal 18-24,BB,"49,99000168",Women,4843444B2CD1C2D4B2B261E396C5DA4A,6
236408,13519,19.05.2022 14:37:33,17.06.2022 10:49:33,"19,94601077",Swim,Womens Bb Plus Size Surplice Wrap One Piece Swimsuit Tank Swimwear Pink/black Black Brown/black Tribal 18-24,BB,"49,99000168",Women,4843444B2CD1C2D4B2B261E396C5DA4A,6
236409,13519,27.05.2020 17:36:00,,"19,94601077",Swim,Womens Bb Plus Size Surplice Wrap One Piece Swimsuit Tank Swimwear Pink/black Black Brown/black Tribal 18-24,BB,"49,99000168",Women,4843444B2CD1C2D4B2B261E396C5DA4A,6
245220,13519,05.12.2021 01:32:24,27.01.2022 10:46:24,"19,94601077",Swim,Womens Bb Plus Size Surplice Wrap One Piece Swimsuit Tank Swimwear Pink/black Black Brown/black Tribal 18-24,BB,"49,99000168",Women,4843444B2CD1C2D4B2B261E396C5DA4A,6
245221,13519,14.04.2023 15:19:00,,"19,94601077",Swim,Womens Bb Plus Size Surplice Wrap One Piece Swimsuit Tank Swimwear Pink/black Black Brown/black Tribal 18-24,BB,"49,99000168",Women,4843444B2CD1C2D4B2B261E396C5DA4A,6
245222,13519,18.01.2021 01:55:00,,"19,94601077",Swim,Womens Bb Plus Size Surplice Wrap One Piece Swimsuit Tank Swimwear Pink/black Black Brown/black Tribal 18-24,BB,"49,99000168",Women,4843444B2CD1C2D4B2B261E396C5DA4A,6
255745,13519,14.03.2023 17:06:58,24.04.2023 01:07:58,"19,94601077",Swim,Womens Bb Plus Size Surplice Wrap One Piece Swimsuit Tank Swimwear Pink/black Black Brown/black Tribal 18-24,BB,"49,99000168",Women,4843444B2CD1C2D4B2B261E396C5DA4A,6
255746,13519,25.01.2021 10:17:00,,"19,94601077",Swim,Womens Bb Plus Size Surplice Wrap One Piece Swimsuit Tank Swimwear Pink/black Black Brown/black Tribal 18-24,BB,"49,99000168",Women,4843444B2CD1C2D4B2B261E396C5DA4A,6
271225,13519,28.11.2022 01:11:43,08.12.2022 23:44:43,"19,94601077",Swim,Womens Bb Plus Size Surplice Wrap One Piece Swimsuit Tank Swimwear Pink/black Black Brown/black Tribal 18-24,BB,"49,99000168",Women,4843444B2CD1C2D4B2B261E396C5DA4A,6
271226,13519,29.07.2020 07:08:00,,"19,94601077",Swim,Womens Bb Plus Size Surplice Wrap One Piece Swimsuit Tank Swimwear Pink/black Black Brown/black Tribal 18-24,BB,"49,99000168",Women,4843444B2CD1C2D4B2B261E396C5DA4A,6
271227,13519,21.07.2021 05:20:00,,"19,94601077",Swim,Womens Bb Plus Size Surplice Wrap One Piece Swimsuit Tank Swimwear Pink/black Black Brown/black Tribal 18-24,BB,"49,99000168",Women,4843444B2CD1C2D4B2B261E396C5DA4A,6
357793,13519,09.01.2021 13:10:32,22.02.2021 10:32:32,"19,94601077",Swim,Womens Bb Plus Size Surplice Wrap One Piece Swimsuit Tank Swimwear Pink/black Black Brown/black Tribal 18-24,BB,"49,99000168",Women,4843444B2CD1C2D4B2B261E396C5DA4A,6
357794,13519,03.01.2020 08:23:00,,"19,94601077",Swim,Womens Bb Plus Size Surplice Wrap One Piece Swimsuit Tank Swimwear Pink/black Black Brown/black Tribal 18-24,BB,"49,99000168",Women,4843444B2CD1C2D4B2B261E396C5DA4A,6
431108,13519,19.04.2023 13:20:33,07.05.2023 10:04:33,"19,94601077",Swim,Womens Bb Plus Size Surplice Wrap One Piece Swimsuit Tank Swimwear Pink/black Black Brown/black Tribal 18-24,BB,"49,99000168",Women,4843444B2CD1C2D4B2B261E396C5DA4A,6
431109,13519,25.01.2023 10:41:00,,"19,94601077",Swim,Womens Bb Plus Size Surplice Wrap One Piece Swimsuit Tank Swimwear Pink/black Black Brown/black Tribal 18-24,BB,"49,99000168",Women,4843444B2CD1C2D4B2B261E396C5DA4A,6
450004,13519,03.01.2023 04:56:32,09.02.2023 05:05:32,"19,94601077",Swim,Womens Bb Plus Size Surplice Wrap One Piece Swimsuit Tank Swimwear Pink/black Black Brown/black Tribal 18-24,BB,"49,99000168",Women,4843444B2CD1C2D4B2B261E396C5DA4A,6
450005,13519,28.10.2022 02:53:00,,"19,94601077",Swim,Womens Bb Plus Size Surplice Wrap One Piece Swimsuit Tank Swimwear Pink/black Black Brown/black Tribal 18-24,BB,"49,99000168",Women,4843444B2CD1C2D4B2B261E396C5DA4A,6
106702,17870,26.06.2023 17:19:59,06.08.2023 09:35:59,"34,76964893",Fashion Hoodies & Sweatshirts,The Big Bang Theory Bazinga Men Red Hoodie with Stripes,BG,"64,98999786",Men,7248F12044A0790CD9933886D17234EB,8
106703,17870,30.12.2021 13:58:00,,"34,76964893",Fashion Hoodies & Sweatshirts,The Big Bang Theory Bazinga Men Red Hoodie with Stripes,BG,"64,98999786",Men,7248F12044A0790CD9933886D17234EB,8
106704,17870,12.11.2022 09:00:00,,"34,76964893",Fashion Hoodies & Sweatshirts,The Big Bang Theory Bazinga Men Red Hoodie with Stripes,BG,"64,98999786",Men,7248F12044A0790CD9933886D17234EB,8
106705,17870,19.06.2023 15:16:00,,"34,76964893",Fashion Hoodies & Sweatshirts,The Big Bang Theory Bazinga Men Red Hoodie with Stripes,BG,"64,98999786",Men,7248F12044A0790CD9933886D17234EB,8
107497,17870,05.11.2021 11:00:33,23.12.2021 08:25:33,"34,76964893",Fashion Hoodies & Sweatshirts,The Big Bang Theory Bazinga Men Red Hoodie with Stripes,BG,"64,98999786",Men,7248F12044A0790CD9933886D17234EB,8
107498,17870,15.01.2020 13:20:00,,"34,76964893",Fashion Hoodies & Sweatshirts,The Big Bang Theory Bazinga Men Red Hoodie with Stripes,BG,"64,98999786",Men,7248F12044A0790CD9933886D17234EB,8
123616,17870,01.09.2023 07:50:22,17.10.2023 04:15:22,"34,76964893",Fashion Hoodies & Sweatshirts,The Big Bang Theory Bazinga Men Red Hoodie with Stripes,BG,"64,98999786",Men,7248F12044A0790CD9933886D17234EB,8
123617,17870,28.03.2023 15:44:00,,"34,76964893",Fashion Hoodies & Sweatshirts,The Big Bang Theory Bazinga Men Red Hoodie with Stripes,BG,"64,98999786",Men,7248F12044A0790CD9933886D17234EB,8
146747,17870,31.08.2023 01:08:52,13.10.2023 02:00:52,"34,76964893",Fashion Hoodies & Sweatshirts,The Big Bang Theory Bazinga Men Red Hoodie with Stripes,BG,"64,98999786",Men,7248F12044A0790CD9933886D17234EB,8
146748,17870,29.04.2023 12:34:00,,"34,76964893",Fashion Hoodies & Sweatshirts,The Big Bang Theory Bazinga Men Red Hoodie with Stripes,BG,"64,98999786",Men,7248F12044A0790CD9933886D17234EB,8
331822,17870,20.05.2021 21:22:48,02.07.2021 05:05:48,"34,76964893",Fashion Hoodies & Sweatshirts,The Big Bang Theory Bazinga Men Red Hoodie with Stripes,BG,"64,98999786",Men,7248F12044A0790CD9933886D17234EB,8
331823,17870,30.09.2021 17:27:00,,"34,76964893",Fashion Hoodies & Sweatshirts,The Big Bang Theory Bazinga Men Red Hoodie with Stripes,BG,"64,98999786",Men,7248F12044A0790CD9933886D17234EB,8
331824,17870,17.04.2020 02:00:00,,"34,76964893",Fashion Hoodies & Sweatshirts,The Big Bang Theory Bazinga Men Red Hoodie with Stripes,BG,"64,98999786",Men,7248F12044A0790CD9933886D17234EB,8
331825,17870,02.02.2020 10:48:00,,"34,76964893",Fashion Hoodies & Sweatshirts,The Big Bang Theory Bazinga Men Red Hoodie with Stripes,BG,"64,98999786",Men,7248F12044A0790CD9933886D17234EB,8
455282,17870,06.12.2022 23:32:12,16.01.2023 07:40:12,"34,76964893",Fashion Hoodies & Sweatshirts,The Big Bang Theory Bazinga Men Red Hoodie with Stripes,BG,"64,98999786",Men,7248F12044A0790CD9933886D17234EB,8
455283,17870,31.10.2020 06:10:00,,"34,76964893",Fashion Hoodies & Sweatshirts,The Big Bang Theory Bazinga Men Red Hoodie with Stripes,BG,"64,98999786",Men,7248F12044A0790CD9933886D17234EB,8
455284,17870,08.10.2021 05:56:00,,"34,76964893",Fashion Hoodies & Sweatshirts,The Big Bang Theory Bazinga Men Red Hoodie with Stripes,BG,"64,98999786",Men,7248F12044A0790CD9933886D17234EB,8
121783,17914,23.10.2021 16:08:38,19.12.2021 09:49:38,"29,04005045",Fashion Hoodies & Sweatshirts,The Big Bang Theory Soft Kitty Men Black Hoodie,BG,"51,95000076",Men,8AEF1343F7C60C2DEE067172F139BFE0,8
121784,17914,29.07.2020 17:44:00,,"29,04005045",Fashion Hoodies & Sweatshirts,The Big Bang Theory Soft Kitty Men Black Hoodie,BG,"51,95000076",Men,8AEF1343F7C60C2DEE067172F139BFE0,8
121785,17914,20.03.2021 09:07:00,,"29,04005045",Fashion Hoodies & Sweatshirts,The Big Bang Theory Soft Kitty Men Black Hoodie,BG,"51,95000076",Men,8AEF1343F7C60C2DEE067172F139BFE0,8
121786,17914,03.08.2020 06:30:00,,"29,04005045",Fashion Hoodies & Sweatshirts,The Big Bang Theory Soft Kitty Men Black Hoodie,BG,"51,95000076",Men,8AEF1343F7C60C2DEE067172F139BFE0,8
148169,17914,23.05.2023 18:56:20,13.06.2023 23:12:20,"29,04005045",Fashion Hoodies & Sweatshirts,The Big Bang Theory Soft Kitty Men Black Hoodie,BG,"51,95000076",Men,8AEF1343F7C60C2DEE067172F139BFE0,8
148170,17914,23.08.2021 14:24:00,,"29,04005045",Fashion Hoodies & Sweatshirts,The Big Bang Theory Soft Kitty Men Black Hoodie,BG,"51,95000076",Men,8AEF1343F7C60C2DEE067172F139BFE0,8
155713,17914,14.08.2021 14:19:12,19.09.2021 23:45:12,"29,04005045",Fashion Hoodies & Sweatshirts,The Big Bang Theory Soft Kitty Men Black Hoodie,BG,"51,95000076",Men,8AEF1343F7C60C2DEE067172F139BFE0,8
155714,17914,28.09.2022 17:26:00,,"29,04005045",Fashion Hoodies & Sweatshirts,The Big Bang Theory Soft Kitty Men Black Hoodie,BG,"51,95000076",Men,8AEF1343F7C60C2DEE067172F139BFE0,8
163318,17914,16.06.2023 03:07:00,03.08.2023 11:03:00,"29,04005045",Fashion Hoodies & Sweatshirts,The Big Bang Theory Soft Kitty Men Black Hoodie,BG,"51,95000076",Men,8AEF1343F7C60C2DEE067172F139BFE0,8
163319,17914,20.12.2020 03:52:00,,"29,04005045",Fashion Hoodies & Sweatshirts,The Big Bang Theory Soft Kitty Men Black Hoodie,BG,"51,95000076",Men,8AEF1343F7C60C2DEE067172F139BFE0,8
163320,17914,22.09.2021 00:23:00,,"29,04005045",Fashion Hoodies & Sweatshirts,The Big Bang Theory Soft Kitty Men Black Hoodie,BG,"51,95000076",Men,8AEF1343F7C60C2DEE067172F139BFE0,8
297550,17914,16.06.2022 17:38:33,04.07.2022 04:10:33,"29,04005045",Fashion Hoodies & Sweatshirts,The Big Bang Theory Soft Kitty Men Black Hoodie,BG,"51,95000076",Men,8AEF1343F7C60C2DEE067172F139BFE0,8
297551,17914,04.03.2022 02:55:00,,"29,04005045",Fashion Hoodies & Sweatshirts,The Big Bang Theory Soft Kitty Men Black Hoodie,BG,"51,95000076",Men,8AEF1343F7C60C2DEE067172F139BFE0,8
297552,17914,01.02.2021 10:03:00,,"29,04005045",Fashion Hoodies & Sweatshirts,The Big Bang Theory Soft Kitty Men Black Hoodie,BG,"51,95000076",Men,8AEF1343F7C60C2DEE067172F139BFE0,8
297553,17914,31.07.2021 15:22:00,,"29,04005045",Fashion Hoodies & Sweatshirts,The Big Bang Theory Soft Kitty Men Black Hoodie,BG,"51,95000076",Men,8AEF1343F7C60C2DEE067172F139BFE0,8
346445,17914,17.06.2022 12:49:52,16.07.2022 04:44:52,"29,04005045",Fashion Hoodies & Sweatshirts,The Big Bang Theory Soft Kitty Men Black Hoodie,BG,"51,95000076",Men,8AEF1343F7C60C2DEE067172F139BFE0,8
346446,17914,13.10.2020 06:25:00,,"29,04005045",Fashion Hoodies & Sweatshirts,The Big Bang Theory Soft Kitty Men Black Hoodie,BG,"51,95000076",Men,8AEF1343F7C60C2DEE067172F139BFE0,8
1084,8791,28.07.2023 18:20:23,12.09.2023 05:23:23,"24,95584054",Outerwear & Coats,Silver Down Jacket Glacier Shield Weather Resistant Womens Warm Coats CB Sports Collection,CB,"59,99000168",Women,C9BC734C0663A142B7BEC265098F8DBF,8
1085,8791,05.07.2023 09:23:00,,"24,95584054",Outerwear & Coats,Silver Down Jacket Glacier Shield Weather Resistant Womens Warm Coats CB Sports Collection,CB,"59,99000168",Women,C9BC734C0663A142B7BEC265098F8DBF,8
1086,8791,08.04.2020 14:12:00,,"24,95584054",Outerwear & Coats,Silver Down Jacket Glacier Shield Weather Resistant Womens Warm Coats CB Sports Collection,CB,"59,99000168",Women,C9BC734C0663A142B7BEC265098F8DBF,8
1087,8791,23.04.2023 12:06:00,,"24,95584054",Outerwear & Coats,Silver Down Jacket Glacier Shield Weather Resistant Womens Warm Coats CB Sports Collection,CB,"59,99000168",Women,C9BC734C0663A142B7BEC265098F8DBF,8
10143,8791,25.12.2022 22:20:48,23.02.2023 13:47:48,"24,95584054",Outerwear & Coats,Silver Down Jacket Glacier Shield Weather Resistant Womens Warm Coats CB Sports Collection,CB,"59,99000168",Women,C9BC734C0663A142B7BEC265098F8DBF,8
10144,8791,21.09.2020 14:56:00,,"24,95584054",Outerwear & Coats,Silver Down Jacket Glacier Shield Weather Resistant Womens Warm Coats CB Sports Collection,CB,"59,99000168",Women,C9BC734C0663A142B7BEC265098F8DBF,8
18452,8791,25.06.2023 16:29:02,17.07.2023 09:39:02,"24,95584054",Outerwear & Coats,Silver Down Jacket Glacier Shield Weather Resistant Womens Warm Coats CB Sports Collection,CB,"59,99000168",Women,C9BC734C0663A142B7BEC265098F8DBF,8
18453,8791,29.12.2022 03:44:00,,"24,95584054",Outerwear & Coats,Silver Down Jacket Glacier Shield Weather Resistant Womens Warm Coats CB Sports Collection,CB,"59,99000168",Women,C9BC734C0663A142B7BEC265098F8DBF,8
54975,8791,18.07.2023 18:46:57,06.08.2023 22:14:57,"24,95584054",Outerwear & Coats,Silver Down Jacket Glacier Shield Weather Resistant Womens Warm Coats CB Sports Collection,CB,"59,99000168",Women,C9BC734C0663A142B7BEC265098F8DBF,8
54976,8791,14.06.2022 00:03:00,,"24,95584054",Outerwear & Coats,Silver Down Jacket Glacier Shield Weather Resistant Womens Warm Coats CB Sports Collection,CB,"59,99000168",Women,C9BC734C0663A142B7BEC265098F8DBF,8